ten_phuong_tien,so_chuyen,diem_di,diem_du_kien,diem_den,doi_lenh_tuyen,route_hien_thi,cu_ly_co_hang_km,cu_ly_khong_hang_km,he_so_co_hang,he_so_khong_hang,khoi_luong_van_chuyen_t,khoi_luong_luan_chuyen,dau_tinh_toan_lit,cap_them,doi_lenh,ly_do_cap_them,so_luong_cap_them_lit,cay_xang_cap_them,ngay_di,ngay_den,ngay_do_xong,nhom_cu_ly,loai_hang,ghi_chu,thang_bao_cao,created_at
HTL-1,1,"Cảng An Ngãi (BRVT)","Nhà máy xi măng Kiên Lương","Nhà máy xi măng Kiên Lương",,,402,0,0.0005253,2.18,1058.09,425352.18,1099.8,0,0,,0,,2025-08-30,2025-09-03,2025-09-08,dai,Pouzolan,,2025-09,"2025-09-08 00:00:00"
HTL-1,2,"Nhà máy xi măng Kiên Lương","TN Long An","TN Long An",,,306,0,0.0005253,2.18,1181.07,361407.42,856.93,0,0,,0,,2025-09-09,2025-09-12,2025-09-13,dai,Clinker,,2025-09,"2025-09-13 00:00:00"
HTL-1,2,"TN Long An","Cảng Long Thuận (ĐN)","Cảng Long Thuận (ĐN)",,,0,88,0.00062,2.256,0,0,198.53,0,0,,0,,,,,trung_binh,"Không hàng",,2025-09,"2025-09-15 18:48:36"
HTL-1,4,"Cảng Long Thuận (ĐN)","Nhà máy xi măng Kiên Lương","Nhà máy xi măng Kiên Lương",,,334,0,0.0005253,2.18,1141.54,381274.36,928.4,0,0,,0,,2025-09-15,2025-09-19,2025-09-20,dai,"Than đá",,2025-09,"2025-09-20 00:00:00"
HTL-1,3,,,,,,0,0,0,0,0,0,28,1,0,"Dầu ma nơ tại bến nhận hàng Cảng Long Thuận 01 chuyến x 28 lít",28,,2025-09-13,,,,,,2025-09,"2025-09-13 00:00:00"
HTL-1,4,"Nhà máy xi măng Kiên Lương","TN Long An","TN Long An",,,306,0,0.0005253,2.18,1156.07,353757.42,852.91,0,0,,0,,2025-09-22,2025-09-25,2025-09-26,dai,Clinker,,2025-09,"2025-09-26 00:00:00"
AG-26243,1,"Nhà máy xi măng Kiên Lương","TN Phú Hữu","TN Phú Hữu",,,342,0,0.000485,3.084,1401.24,479224.08,1287.15,0,0,,0,,2025-09-01,2025-09-06,2025-09-06,dai,Clinker,,2025-09,"2025-09-06 00:00:00"
HTL-1,6,"TN Long An","Nhà máy xi măng Kiên Lương","Nhà máy xi măng Kiên Lương",,,0,306,0.0005253,2.18,0,0,667.08,0,0,,0,,,,,dai,"Không hàng",,2025-09,"2025-09-15 18:56:19"
HTL-2,1,"Cảng An Ngãi (BRVT)","Nhà máy xi măng Kiên Lương","Nhà máy xi măng Kiên Lương",,,402,0,0.0005253,2.18,1026,412452,1093.02,0,0,,0,,2025-08-28,2025-09-01,2025-09-05,dai,Pouzolan,,2025-09,"2025-09-05 00:00:00"
AG-26243,1,"TN Phú Hữu","Cảng Long Thuận (ĐN)","Cảng Long Thuận (ĐN)",,,0,22,0.00069,3.601,0,0,79.22,0,0,,0,,,,,ngan,"Không hàng",,2025-09,"2025-09-15 19:03:16"
HTL-2,2,"TN Long An","Cảng Long Thuận (ĐN)","Cảng Long Thuận (ĐN)",,,0,88,0.00062,2.256,0,0,198.53,0,0,,0,,2025-09-10,2025-09-11,,trung_binh,"Không hàng",,2025-09,"2025-09-11 00:00:00"
HTL-2,2,"Nhà máy xi măng Kiên Lương","TN Long An","TN Long An",,,306,0,0.0005253,2.18,1141,349146,850.49,0,0,,0,,2025-09-06,2025-09-09,2025-09-10,dai,Clinker,,2025-09,"2025-09-10 00:00:00"
HTL-2,4,"Cảng Long Thuận (ĐN)","Nhà máy xi măng Kiên Lương","Nhà máy xi măng Kiên Lương",,,334,0,0.0005253,2.18,1139,380426,927.96,0,0,,0,,2025-09-12,2025-09-15,2025-09-17,dai,"Than đá",,2025-09,"2025-09-17 00:00:00"
HTL-2,4,,,,,,0,0,0,0,0,0,28,1,0,"Dầu ma nơ tại bến nhận hàng Cảng Long Thuận 01 chuyến x 28 lít",28,,2025-09-10,,,,,,2025-09,"2025-09-10 00:00:00"
AG-26243,2,"Cảng Long Thuận (ĐN)","Nhà máy xi măng Kiên Lương","Nhà máy xi măng Kiên Lương",,,334,0,0.000485,3.084,1430.66,477840.44,1261.81,0,0,,0,,2025-09-09,2025-09-13,2025-09-15,dai,"Than đá",,2025-09,"2025-09-15 00:00:00"
HTL-2,5,"Nhà máy xi măng Kiên Lương","XM Hạ Long (HP)","XM Hạ Long (HP)",,,322,0,0.0005253,2.18,1166,375452,899.18,0,0,,0,,2025-09-20,2025-09-23,2025-09-24,dai,Clinker,,2025-09,"2025-09-24 00:00:00"
HTL-2,5,"XM Hạ Long (HP)","Phao Gò Gia","Phao Gò Gia",,,0,40,0.00072,2.59,0,0,103.6,0,0,,0,,,,,ngan,"Không hàng",,2025-09,"2025-09-15 19:09:45"
HTL-2,6,"Phao Gò Gia","Cảng Phú Quang","Cảng Phú Quang",,,125,0,0.00058,2.095,1003,125375,334.59,0,0,,0,,2025-09-25,2025-09-26,2025-09-28,trung_binh,"Than đá",,2025-09,"2025-09-28 00:00:00"
HTL-2,6,,,,,,0,0,0,0,0,0,28,1,0,"Dầu ma nơ tại bến nhận hàng Phao ITC (Gò Gia) 01 chuyến x 28 lít",28,,2025-09-24,,,,,,2025-09,"2025-09-24 00:00:00"
HTL-3,1,"Bình Minh (Vĩnh Long)","Nhà máy xi măng Kiên Lương","Nhà máy xi măng Kiên Lương",,,0,165,0.00058,2.095,0,0,345.68,0,0,,0,,2025-08-27,2025-08-29,,trung_binh,"Không hàng",,2025-08,"2025-08-29 00:00:00"
HTL-3,1,"Nhà máy xi măng Kiên Lương","TN Long An","TN Long An",,,306,0,0.0005253,2.18,1160,354960,853.54,0,0,,0,,2025-09-05,2025-09-08,2025-09-09,dai,Clinker,,2025-09,"2025-09-09 00:00:00"
AG-26243,2,,,,,,0,0,0,0,0,0,36,1,0,"Dầu ma nơ tại bến nhận hàng C.Long Thuận 01 chuyến x 36 lít",36,,2025-09-06,,,,,,2025-09,"2025-09-06 00:00:00"
HTL-3,1,"TN Long An","Phao Gò Gia","Phao Gò Gia",,,0,116,0.00058,2.095,0,0,243.02,0,0,,0,,2025-09-09,2025-09-10,,trung_binh,"Không hàng",,2025-09,"2025-09-10 00:00:00"
HTL-3,2,"Phao Gò Gia","Cảng Cái Cui (CT)","Cảng Cái Cui (CT)",,,230,0,0.00058,2.095,1330,305900,659.27,0,0,,0,,2025-09-11,2025-09-13,2025-09-16,dai,"Than đá",,2025-09,"2025-09-16 00:00:00"
HTL-3,2,,,,,,0,0,0,0,0,0,28,1,0,"Dầu ma nơ tại bến nhận hàng Phao BP15 (Gò Gia) 01 chuyến x 28 lít",28,,2025-08-27,,,,,,2025-09,"2025-08-27 00:00:00"
HTL-3,2,"Cảng Cái Cui (CT)","Vĩnh Xương (AG)","Vĩnh Xương (AG)",,,0,140,0.00058,2.095,0,0,293.3,0,0,,0,,2025-09-15,2025-09-18,,trung_binh,"Không hàng",,2025-09,"2025-09-18 00:00:00"
AG-26243,3,"Nhà máy xi măng Kiên Lương","TN Long An","TN Long An",,,306,0,0.000485,3.084,1535.63,469902.78,1171.61,0,0,,0,,2025-09-16,2025-09-21,2025-09-22,dai,Clinker,,2025-09,"2025-09-22 00:00:00"
HTL-3,3,"Vĩnh Xương (AG)","Tuấn An Phú (BD)","Tuấn An Phú (BD)",,,312,0,0.0005253,2.18,1400,436800,909.61,0,0,,0,,2025-09-20,2025-09-23,2025-09-23,dai,Cát,,2025-09,"2025-09-23 00:00:00"
HTL-3,3,,,,,,0,0,0,0,0,0,98,1,0,"Dầu ma nơ tại bến nhận hàng Vĩnh Xương (AG)->Tuấn An Phú (BD) 01 chuyến (70 lít + 28 lít)",98,,2025-09-16,,,,,,2025-09,"2025-09-16 00:00:00"
AG-26243,3,"TN Long An","Cảng Long Thuận (ĐN)","Cảng Long Thuận (ĐN)",,,0,88,0.00054,2.71,0,0,238.48,0,0,,0,,,,,trung_binh,"Không hàng",,2025-09,"2025-09-15 19:24:30"
HTL-3,4,"Tuấn An Phú (BD)","TN Phú Hữu","TN Phú Hữu",,,50,0,0.00072,2.59,1406,70300,180.12,0,0,,0,,2025-09-24,2025-09-25,2025-09-25,ngan,Clinker,,2025-09,"2025-09-25 00:00:00"
HTL-3,4,"TN Phú Hữu","Tuấn An Phú (BD)","Tuấn An Phú (BD)",,,0,50,0.00072,2.59,0,0,129.5,0,0,,0,,2025-09-25,2025-09-26,,ngan,"Không hàng",,2025-09,"2025-09-26 00:00:00"
AG-26243,4,"Cảng Long Thuận (ĐN)","Nhà máy xi măng Kiên Lương","Nhà máy xi măng Kiên Lương",,,334,0,0.000485,3.084,1453.79,485565.86,1265.56,0,0,,0,,2025-09-23,2025-09-26,2025-09-28,dai,"Than đá",,2025-09,"2025-09-28 00:00:00"
AG-26243,4,,,,,,0,0,0,0,0,0,36,1,0,"Dầu ma nơ tại bến nhận hàng C.Long Thuận 01 chuyến x 36 lít",36,,2025-09-22,,,,,,2025-09,"2025-09-22 00:00:00"
AG-26237,1,"TN Phú Hữu","Cảng An Ngãi (BRVT)","Cảng An Ngãi (BRVT)",,,0,90,0.00054,2.71,0,0,243.9,0,0,,0,,,,,trung_binh,"Không hàng",,2025-09,"2025-09-15 19:50:39"
AG-26237,1,"Cảng An Ngãi (BRVT)","Nhà máy xi măng Kiên Lương","Nhà máy xi măng Kiên Lương",,,402,0,0.000485,3.084,1330.32,534788.64,1499.14,0,0,,0,,2025-09-03,2025-09-08,2025-09-10,dai,Pouzolan,,2025-09,"2025-09-10 00:00:00"
AG-26237,2,"Nhà máy xi măng Kiên Lương","TN Phú Hữu","TN Phú Hữu",,,342,0,0.000485,3.084,1422.3,486426.6,1290.64,0,0,,0,,2025-09-13,2025-09-17,2025-09-19,dai,Clinker,,2025-09,"2025-09-19 00:00:00"
AG-26237,2,"TN Phú Hữu","Cảng Long Thuận (ĐN)","Cảng Long Thuận (ĐN)",,,0,22,0.00069,3.601,0,0,79.22,0,0,,0,,,,,ngan,"Không hàng",,2025-09,"2025-09-15 19:58:55"
AG-26237,3,"Cảng Long Thuận (ĐN)","Nhà máy xi măng Kiên Lương","Nhà máy xi măng Kiên Lương",,,334,0,0.000485,3.084,1398.72,467172.48,1256.63,0,0,,0,,2025-09-21,2025-09-25,2025-09-26,dai,"Than đá",,2025-09,"2025-09-26 00:00:00"
AG-26237,3,,,,,,0,0,0,0,0,0,36,1,0,"Dầu ma nơ tại bến nhận hàng Cảng Long Thuận 01 chuyến x 36 lít",36,,2025-09-19,,,,,,2025-09,"2025-09-19 00:00:00"
AG-26579,1,"Cảng Long Thuận (ĐN)","Nhà máy xi măng Kiên Lương","Nhà máy xi măng Kiên Lương",,,334,0,0.000475,2.42,1352.39,451698.26,1022.84,0,0,,0,,2025-09-12,2025-09-16,2025-09-18,dai,"Than đá",,2025-09,"2025-09-18 00:00:00"
AG-26579,1,,,,,,0,0,0,0,0,0,32,1,0,"Dầu ma nơ tại bến nhận hàng Cảng Long Thuận 01 chuyến x 32 lít",32,,2025-09-18,,,,,,2025-09,"2025-09-18 00:00:00"
AG-26579,2,"Nhà máy xi măng Kiên Lương","TN Phú Hữu","TN Phú Hữu",,,342,0,0.000475,2.42,1339.08,457965.36,1045.17,0,0,,0,,2025-09-18,2025-09-23,2025-09-24,dai,Clinker,,2025-09,"2025-09-24 00:00:00"
AG-26579,2,"TN Phú Hữu","Cảng Long Thuận (ĐN)","Cảng Long Thuận (ĐN)",,,0,22,0.00078,3.26,0,0,71.72,0,0,,0,,,,,ngan,"Không hàng",,2025-09,"2025-09-15 20:11:15"
AG-21519,1,"TN Phú Hữu","Cảng An Ngãi (BRVT)","Cảng An Ngãi (BRVT)",,,0,90,0.00062,2.256,0,0,203.04,0,0,,0,,,,,trung_binh,"Không hàng",,2025-09,"2025-09-15 20:12:32"
AG-21519,1,"Cảng An Ngãi (BRVT)","Nhà máy xi măng Kiên Lương","Nhà máy xi măng Kiên Lương",,,402,0,0.0005253,2.18,1102.95,443385.9,1109.27,0,0,,0,,2025-08-27,2025-09-02,2025-09-07,dai,Pouzolan,,2025-09,"2025-09-07 00:00:00"
AG-21519,2,"Nhà máy xi măng Kiên Lương","TN Long An","TN Long An",,,306,0,0.0005253,2.18,1154.17,353176.02,852.6,0,0,,0,,2025-09-07,2025-09-11,2025-09-12,dai,Clinker,,2025-09,"2025-09-12 00:00:00"
AG-21519,2,"TN Long An","Cảng Long Thuận (ĐN)","Cảng Long Thuận (ĐN)",,,0,88,0.00062,2.256,0,0,198.53,0,0,,0,,,,,trung_binh,"Không hàng",,2025-09,"2025-09-15 20:17:08"
AG-21519,3,"Cảng Long Thuận (ĐN)","Nhà máy xi măng Kiên Lương","Nhà máy xi măng Kiên Lương",,,334,0,0.0005253,2.18,1140.04,380773.36,928.14,0,0,,0,,2025-09-14,2025-09-18,2025-09-20,dai,"Than đá",,2025-09,"2025-09-20 00:00:00"
AG-21519,4,"Nhà máy xi măng Kiên Lương","TN Long An","TN Long An",,,306,0,0.0005253,2.18,1184.54,362469.24,857.49,0,0,,0,,2025-09-21,2025-09-24,2025-09-25,dai,Clinker,,2025-09,"2025-09-25 00:00:00"
AG-21519,4,"TN Long An","Nhà máy xi măng Kiên Lương","Nhà máy xi măng Kiên Lương",,,0,306,0.0005253,2.18,0,0,667.08,0,0,,0,,,,,dai,"Không hàng",,2025-09,"2025-09-15 20:23:47"
AG-21519,3,,,,,,0,0,0,0,0,0,28,1,0,"Dầu ma nơ tại bến nhận hàng Cảng C.Long Thuận 01 chuyến x 28 lít",28,,2025-09-12,,,,,,2025-09,"2025-09-12 00:00:00"
AG-21190,1,"Nhà máy xi măng Kiên Lương","TN Phú Hữu","TN Phú Hữu",,,342,0,0.0005253,2.18,1253.14,428573.88,970.69,0,0,,0,,2025-08-31,2025-09-06,2025-09-06,dai,Clinker,,2025-09,"2025-09-06 00:00:00"
AG-21190,1,"TN Phú Hữu","Cảng Long Thuận (ĐN)","Cảng Long Thuận (ĐN)",,,0,22,0.00089,3.14,0,0,69.08,0,0,,0,,,,,ngan,"Không hàng",,2025-09,"2025-09-15 20:55:58"
AG-21190,2,"Cảng Long Thuận (ĐN)","Nhà máy xi măng Kiên Lương","Nhà máy xi măng Kiên Lương",,,334,0,0.0005253,2.18,1236.51,412994.34,945.07,0,0,,0,,2025-09-09,2025-09-13,2025-09-14,dai,"Than đá",,2025-09,"2025-09-14 00:00:00"
AG-21190,2,,,,,,0,0,0,0,0,0,28,1,0,"Dầu ma nơ tại bến nhận hàng Cảng Long Thuận  01 chuyến x 33 lít",33,,2025-09-06,,,,,,2025-09,"2025-09-06 00:00:00"
AG-21190,3,"Nhà máy xi măng Kiên Lương","TN Long An","TN Long An",,,306,0,0.0005253,2.18,1288.63,394320.78,874.22,0,0,,0,,2025-09-15,2025-09-21,2025-09-21,dai,Clinker,,2025-09,"2025-09-21 00:00:00"
AG-21190,3,"TN Long An","Nhà máy xi măng Kiên Lương","Nhà máy xi măng Kiên Lương",,,0,306,0.0005253,2.18,0,0,667.08,0,0,,0,,,,,dai,"Không hàng",,2025-09,"2025-09-15 21:01:10"
HTV-203,1,"TN Phú Hữu","Tuấn An Phú (BD)","Tuấn An Phú (BD)",,,0,50,0.00052,2.66,0,0,133,0,0,,0,,,,,ngan,"Không hàng",,2025-09,"2025-09-15 21:02:20"
HTV-203,1,"Tuấn An Phú (BD)","TN Phú Hữu","TN Phú Hữu",,,50,0,0.00052,2.66,1946,97300,183.6,0,0,,0,,2025-09-01,2025-09-01,2025-09-01,ngan,Clinker,,2025-09,"2025-09-01 00:00:00"
HTV-203,1,"TN Phú Hữu","Fico Tây Ninh","Fico Tây Ninh",,,0,205,0.00053,2.69,0,0,551.45,0,0,,0,,,,,dai,"Không hàng",,2025-09,"2025-09-15 21:04:48"
HTV-203,2,"Fico Tây Ninh","Fico Hiệp Phước","Fico Hiệp Phước",,,185,0,0.00053,2.69,1907,352795,684.63,0,0,,0,,2025-09-05,2025-09-07,2025-09-08,trung_binh,Clinker,,2025-09,"2025-09-08 00:00:00"
HTV-203,2,"Fico Hiệp Phước","Tuấn An Phú (BD)","Tuấn An Phú (BD)",,,0,70,0.00054,2.71,0,0,189.7,0,0,,0,,,,,ngan,"Không hàng",,2025-09,"2025-09-15 21:13:29"
HTV-203,3,"Tuấn An Phú (BD)","TN Phú Hữu","TN Phú Hữu",,,50,0,0.00052,2.66,1934,96700,183.28,0,0,,0,,2025-09-09,2025-09-10,2025-09-10,ngan,Clinker,,2025-09,"2025-09-10 00:00:00"
HTV-203,3,"TN Phú Hữu","Tuấn An Phú (BD)","Tuấn An Phú (BD)",,,0,50,0.00052,2.66,0,0,133,0,0,,0,,,,,ngan,"Không hàng",,2025-09,"2025-09-15 21:16:28"
HTV-203,4,"Tuấn An Phú (BD)","TN Phú Hữu","TN Phú Hữu",,,50,0,0.00052,2.66,1935,96750,183.31,0,0,,0,,2025-11-12,2025-11-13,2025-11-15,ngan,Clinker,,2025-09,"2025-11-15 00:00:00"
HTV-203,4,"TN Phú Hữu","Fico Tây Ninh","Fico Tây Ninh",,,0,205,0.00053,2.69,0,0,551.45,0,0,,0,,,,,dai,"Không hàng",,2025-11,"2025-11-15 21:18:38"
HTV-203,5,"Fico Tây Ninh","Fico Hiệp Phước","Fico Hiệp Phước",,,185,0,0.00053,2.69,1904,352240,684.34,0,0,,0,,2025-09-21,2025-09-23,2025-09-25,trung_binh,Clinker,,2025-11,"2025-09-25 00:00:00"
HTV-203,5,"Fico Hiệp Phước","Tuấn An Phú (BD)","Tuấn An Phú (BD)",,,0,70,0.00054,2.71,0,0,189.7,0,0,,0,,,,,ngan,"Không hàng",,2025-09,"2025-09-15 21:25:27"
HTV-203,6,"Tuấn An Phú (BD)","TN Phú Hữu","TN Phú Hữu",,,50,0,0.00052,2.66,1929,96450,183.15,0,0,,0,,2025-09-27,2025-09-27,2025-09-28,ngan,Clinker,,2025-09,"2025-09-28 00:00:00"
HTV-203,6,"TN Phú Hữu","Tuấn An Phú (BD)","Tuấn An Phú (BD)",,,0,50,0.00052,2.66,0,0,133,0,0,,0,,,,,ngan,"Không hàng",,2025-09,"2025-09-15 21:27:48"
HTV-203,7,"Tuấn An Phú (BD)","Phao BP12 (Nhà Bè)","Phao BP12 (Nhà Bè)",,,65,0,0.00054,2.71,1949,126685,244.56,0,0,,0,,2025-09-29,2025-09-29,2025-09-29,ngan,Clinker,,2025-09,"2025-09-29 00:00:00"
HTV-203,7,"Phao BP12 (Nhà Bè)","Phao BP4 (Gò Gia)","Phao BP4 (Gò Gia)",,,0,35,0.00052,2.66,0,0,93.1,0,0,,0,,,,,ngan,"Không hàng",,2025-09,"2025-09-15 00:32:09"
HTV-202,1,"Fico Tây Ninh","Fico Hiệp Phước","Fico Hiệp Phước",,,185,0,0.00053,2.69,1950,360750,688.85,0,0,,0,,2025-08-31,2025-09-01,2025-09-03,trung_binh,Clinker,,2025-09,"2025-09-03 00:00:00"
HTL-3,5,"Tuấn An Phú (BD)","TN Phú Hữu","TN Phú Hữu",,,50,0,0.00072,2.59,1417,70850,180.51,0,0,,0,,,2025-09-26,2025-09-27,ngan,Clinker,,2025-09,"2025-09-15 00:39:05"
HTL-3,5,"TN Phú Hữu","Phao Gò Gia","Phao Gò Gia",,,0,50,0.00072,2.59,0,0,129.5,0,0,,0,,,,,ngan,"Không hàng",,2025-09,"2025-09-15 00:39:38"
HTV-202,1,"Fico Hiệp Phước","Tuấn An Phú (BD)","Tuấn An Phú (BD)",,,0,70,0.00054,2.71,0,0,189.7,0,0,,0,,2025-09-03,2025-09-05,,ngan,"Không hàng",,2025-09,"2025-09-05 00:00:00"
HTL-3,6,"Phao BP09 (Gò Gia)","Cảng Long Thuận (ĐN)","Cảng Long Thuận (ĐN)",,,28,0,0.00089,3.14,1166,32648,116.98,0,0,,0,,2025-09-28,2025-09-29,2025-09-29,ngan,"Than đá",,2025-09,"2025-09-29 00:00:00"
HTV-202,2,"Tuấn An Phú (BD)","TN Phú Hữu","TN Phú Hữu",,,50,0,0.00052,2.66,2016,100800,185.42,0,0,,0,,2025-09-06,2025-09-06,2025-09-07,ngan,Clinker,,2025-09,"2025-09-07 00:00:00"
HTL-3,6,,,,,,0,0,0,0,0,0,28,1,0,"Dầu ma nơ tại bến nhận hàng Phao BP09 (Gò Gia) 01 chuyến x 28 lít",28,,2025-09-27,,,,,,2025-09,"2025-09-27 00:00:00"
HTL-3,6,,,,,,0,0,0,0,0,0,28,1,0,"Dầu ma nơ tại bến trả hàng Cảng Long Thuận 01 chuyến x 28 lít",28,,2025-09-27,,,,,,2025-09,"2025-09-27 00:00:00"
HTV-202,2,"TN Phú Hữu","Tuấn An Phú (BD)","Tuấn An Phú (BD)",,,0,50,0.00052,2.66,0,0,133,0,0,,0,,2025-09-07,2025-09-08,,ngan,"Không hàng",,2025-09,"2025-09-08 00:00:00"
HTL-3,6,"Cảng Long Thuận (ĐN)","Phao BP01 (Gò Gia)","Phao BP01 (Gò Gia)",,,0,28,0.00089,3.14,0,0,87.92,0,0,,0,,,,,ngan,"Không hàng",,2025-09,"2025-09-15 00:44:26"
HTL-3,1,"Phao BP01 (Gò Gia)","Cảng Long Thuận (ĐN)","Cảng Long Thuận (ĐN)",,,28,0,0.00089,3.14,1148,32144,116.53,0,0,,0,,2025-09-29,2025-09-30,2025-09-30,ngan,"Than đá",,2025-09,"2025-09-30 00:00:00"
HTL-3,7,,,,,,0,0,0,0,0,0,28,1,0,"Dầu ma nơ tại bến nhận hàng Phao BP09 (Gò Gia) 01 chuyến x 28 lít",28,,2025-09-29,,,,,,2025-09,"2025-09-29 00:00:00"
HTV-202,3,"Tuấn An Phú (BD)","TN Phú Hữu","TN Phú Hữu",,,50,0,0.00052,2.66,2013,100650,185.34,0,0,,0,,2025-09-08,2025-09-09,2025-09-09,ngan,Clinker,,2025-09,"2025-09-09 00:00:00"
HTV-202,3,"TN Phú Hữu","Tuấn An Phú (BD)","Tuấn An Phú (BD)",,,0,50,0.00052,2.66,0,0,133,0,0,,0,,,,,ngan,"Không hàng",,2025-09,"2025-09-15 00:46:26"
HTL-3,7,,,,,,0,0,0,0,0,0,28,1,0,"Dầu ma nơ tại bến trả hàng Cảng Long Thuận 01 chuyến x 28 lít",28,,2025-09-29,,,,,,2025-09,"2025-09-29 00:00:00"
HTL-3,7,"Phao BP01 (Gò Gia)","Cảng Long Thuận (ĐN)","Cảng Long Thuận (ĐN)",,,28,0,0.00089,3.14,1148,32144,116.53,0,0,,0,,2025-09-29,2025-09-30,2025-09-30,ngan,"Than đá",,2025-09,"2025-09-30 00:00:00"
HTV-05,1,"Nhà máy xi măng Kiên Lương","TN Long An","TN Long An",,,306,0,0.000479,1.753,950,290700,675.66,0,0,,0,,2025-08-30,2025-09-02,2025-09-03,dai,Clinker,,2025-09,"2025-09-03 00:00:00"
HTV-202,4,"Tuấn An Phú (BD)","TN Phú Hữu","TN Phú Hữu",,,50,0,0.00052,2.66,2015,100750,185.39,0,0,,0,,2025-09-11,2025-09-11,2025-09-13,ngan,Clinker,,2025-09,"2025-09-13 00:00:00"
HTV-202,4,"TN Phú Hữu","Tuấn An Phú (BD)","Tuấn An Phú (BD)",,,0,50,0.00052,2.66,0,0,133,0,0,,0,,,,,ngan,"Không hàng",,2025-09,"2025-09-15 00:54:14"
HTV-05,1,"TN Long An","TN Phú Hữu","Cảng Long Thuận (ĐN)",,,0,118,0.00067,1.686,0,0,198.95,0,1,,0,,2025-09-04,2025-09-05,,trung_binh,"Không hàng",,2025-09,"2025-09-05 00:00:00"
HTV-05,2,"Cảng Long Thuận (ĐN)","Nhà máy xi măng Kiên Lương","Nhà máy xi măng Kiên Lương",,,334,0,0.000479,1.753,945,315630,736.69,0,0,,0,,2025-09-07,2025-09-10,2025-09-11,dai,"Than đá",,2025-09,"2025-09-11 00:00:00"
HTV-05,2,,,,,,0,0,0,0,0,0,28,1,0,"Dầu ma nơ tại bến nhận hàng Cảng Long Thuận 01 chuyến x 28 lít",28,,2025-09-03,,,,,,2025-09,"2025-09-03 00:00:00"
HTV-202,5,"Tuấn An Phú (BD)","TN Phú Hữu","TN Phú Hữu",,,50,0,0.00052,2.66,2026,101300,185.68,0,0,,0,,2025-09-16,2025-09-16,2025-11-19,ngan,Clinker,,2025-09,"2025-11-19 00:00:00"
HTV-05,3,"Nhà máy xi măng Kiên Lương","TN Phú Hữu","TN Phú Hữu",,,342,0,0.000479,1.753,956,326952,756.14,0,0,,0,,2025-09-17,2025-09-20,2025-09-21,dai,Clinker,,2025-09,"2025-09-21 00:00:00"
HTV-05,3,"TN Phú Hữu","Cảng Long Thuận (ĐN)","Ụ Đại Nam (Long An)",,,0,70,0.00077,1.957,0,0,136.99,0,1,,0,,,2025-09-25,,ngan,"Không hàng",,2025-09,"2025-09-25 00:00:00"
HTV-07,1,"Nhà máy xi măng Kiên Lương","TN Phú Hữu","TN Phú Hữu",,,342,0,0.000499,2.071,1050,359100,887.47,0,0,,0,,2025-08-29,2025-09-01,2025-09-02,dai,Clinker,,2025-09,"2025-09-02 00:00:00"
HTV-07,1,"TN Phú Hữu","Tuấn An Phú (BD)","Tuấn An Phú (BD)",,,0,50,0.000684,2.461,0,0,123.05,0,0,,0,,,,,ngan,"Không hàng",,2025-09,"2025-09-15 00:59:29"
HTV-202,5,"TN Phú Hữu","Fico Tây Ninh","Fico Tây Ninh",,,0,205,0.00053,2.69,0,0,551.45,0,0,,0,,,,,dai,"Không hàng",,2025-11,"2025-11-15 00:59:31"
HTV-07,2,"Tuấn An Phú (BD)","TN Phú Hữu","TN Phú Hữu",,,50,0,0.000684,2.461,1236,61800,165.32,0,0,,0,,2025-09-05,2025-09-05,2025-09-05,ngan,Clinker,,2025-09,"2025-09-05 00:00:00"
HTV-07,2,"TN Phú Hữu","Phao BP15 (Gò Gia)","Phao BP15 (Gò Gia)",,,0,50,0.000684,2.461,0,0,123.05,0,0,,0,,,,,ngan,"Không hàng",,2025-09,"2025-09-15 01:01:27"
HTV-202,6,"Fico Tây Ninh","Fico Hiệp Phước","Fico Hiệp Phước",,,185,0,0.00053,2.69,1945,359825,688.36,0,0,,0,,2025-11-23,2025-09-25,2025-09-26,trung_binh,Clinker,,2025-11,"2025-11-23 00:00:00"
HTV-07,3,"Phao BP15 (Gò Gia)","Cảng Cái Cui (CT)","Cảng Cái Cui (CT)",,,230,0,0.000551,1.99,1274,293020,619.15,0,0,,0,,2025-09-06,2025-09-08,2025-09-10,dai,"Than đá",,2025-09,"2025-09-10 00:00:00"
HTV-07,3,,,,,,0,0,0,0,0,0,28,1,0,"Dầu ma nơ tại bến nhận hàng Phao BP15 (Gò Gia) 01 chuyến x 28 lít",28,,2025-09-05,,,,,,2025-09,"2025-09-05 00:00:00"
HTV-07,3,"Cảng Cái Cui (CT)","Nhà máy xi măng Kiên Lương","Nhà máy xi măng Kiên Lương",,,0,185,0.000551,1.99,0,0,368.15,0,0,,0,,,,,trung_binh,"Không hàng",,2025-09,"2025-09-15 01:04:02"
HTV-202,6,"Fico Hiệp Phước","Phao BP01 (Gò Gia)","Phao BP01 (Gò Gia)",,,0,40,0.00052,2.66,0,0,106.4,0,0,,0,,,,,ngan,"Không hàng",,2025-09,"2025-09-15 01:04:26"
HTV-07,4,"Nhà máy xi măng Kiên Lương","TN Long An","TN Long An",,,306,0,0.000499,2.071,1038,317628,792.22,0,0,,0,,2025-09-13,2025-09-17,2025-09-19,dai,Clinker,,2025-09,"2025-09-19 00:00:00"
HTV-202,7,"Phao BP01 (Gò Gia)","Cảng Long Thuận (ĐN)","Cảng Long Thuận (ĐN)",,,28,0,0.00069,3.601,2051,57428,140.45,0,0,,0,,2025-09-27,2025-09-27,2025-09-29,ngan,"Than đá",,2025-09,"2025-09-29 00:00:00"
HTV-202,7,,,,,,0,0,0,0,0,0,36,1,0,"Dầu ma nơ tại bến nhận hàng Phao BP01 (Gò Gia) 01 chuyến x 36 lít",36,,2025-09-26,,,,,,2025-09,"2025-09-26 00:00:00"
HTV-202,7,,,,,,0,0,0,0,0,0,36,1,0,"Dầu ma nơ tại bến trả hàng Cảng Long Thuận 01 chuyến x 36 lít",36,,2025-09-26,,,,,,2025-09,"2025-09-26 00:00:00"
HTV-08,1,"XM Hạ Long (HP)","Cảng Long Thuận (ĐN)","Cảng Thường Tân (BD)",,,0,106,0.00067,1.686,0,0,178.72,0,1,,0,,,,,trung_binh,"Không hàng",,2025-09,"2025-09-15 01:14:02"
HTV-08,1,"Cảng Thường Tân (BD)","Nhà máy xi măng Kiên Lương","Nhà máy xi măng Kiên Lương",,,414,0,0.000479,1.753,798,330372,883.99,0,0,,0,,2025-09-09,2025-09-14,2025-09-21,dai,"Đá phong hóa",,2025-09,"2025-09-21 00:00:00"
HTV-08,2,"Nhà máy xi măng Kiên Lương","TN Long An","TN Long An",,,306,0,0.000479,1.753,1017,311202,685.48,0,0,,0,,2025-09-22,2025-09-27,2025-09-28,dai,Clinker,,2025-09,"2025-09-28 00:00:00"
HTV-09,1,"Cảng An Ngãi (BRVT)","Nhà máy xi măng Kiên Lương","Nhà máy xi măng Kiên Lương",,,402,0,0.000479,1.753,988,397176,894.95,0,0,,0,,2025-08-31,2025-09-04,2025-09-10,dai,Pouzolan,,2025-09,"2025-09-10 00:00:00"
HTV-09,2,"Nhà máy xi măng Kiên Lương","TN Long An","TN Long An",,,306,0,0.000479,1.753,1048,320688,690.03,0,0,,0,,2025-09-12,2025-09-15,2025-09-15,dai,Clinker,,2025-09,"2025-09-15 00:00:00"
HTV-09,2,"TN Long An","TN Phú Hữu","Cảng Long Thuận (ĐN)",,,0,118,0.00067,1.686,0,0,198.95,0,1,,0,,2025-09-16,2025-09-17,,trung_binh,"Không hàng",,2025-09,"2025-09-17 00:00:00"
HTV-09,3,"Cảng Long Thuận (ĐN)","Nhà máy xi măng Kiên Lương","Nhà máy xi măng Kiên Lương",,,334,0,0.000479,1.753,977,326318,741.81,0,0,,0,,2025-09-19,2025-09-22,2025-09-24,dai,"Than đá",,2025-09,"2025-09-24 00:00:00"
HTV-09,3,,,,,,0,0,0,0,0,0,28,1,0,"Dầu ma nơ tại bến nhận hàng Cảng Long Thuận 01 chuyến x 28 lít",28,,2025-09-15,,,,,,2025-09,"2025-09-15 00:00:00"
HTV-09,4,"Nhà máy xi măng Kiên Lương","TN Long An","TN Long An",,,306,0,0.000479,1.753,1049,320994,690.17,0,0,,0,,2025-09-26,2025-09-28,2025-09-29,dai,Clinker,,2025-09,"2025-09-29 00:00:00"
HTV-131,1,"Nhà máy xi măng Kiên Lương","TN Long An","TN Long An",,,306,0,0.0005253,2.18,1131,346086,848.88,0,0,,0,,2025-09-02,2025-09-05,2025-09-05,dai,Clinker,,2025-09,"2025-09-05 00:00:00"
HTV-131,1,"TN Long An","Phao BP15 (Gò Gia)","Phao BP15 (Gò Gia)",,,0,116,0.00058,2.095,0,0,243.02,0,0,,0,,2025-09-06,2025-09-07,,trung_binh,"Không hàng",,2025-09,"2025-09-07 00:00:00"
HTV-131,2,"Phao BP15 (Gò Gia)","Cảng Cái Cui (CT)","Cảng Cái Cui (CT)",,,230,0,0.00058,2.095,1272,292560,651.53,0,0,,0,,2025-09-07,2025-09-09,2025-09-10,dai,"Than đá",,2025-09,"2025-09-10 00:00:00"
HTV-131,2,,,,,,0,0,0,0,0,0,28,1,0,"Dầu ma nơ tại bến nhận hàng Phao BP15 (Gò Gia) 01 chuyến x 28 lít",28,,2025-09-05,,,,,,2025-09,"2025-09-05 00:00:00"
HTV-131,2,"Cảng Cái Cui (CT)","Nhà máy xi măng Kiên Lương","Nhà máy xi măng Kiên Lương",,,0,185,0.00058,2.095,0,0,387.58,0,0,,0,,2025-09-10,2025-09-12,,trung_binh,"Không hàng",,2025-09,"2025-09-12 00:00:00"
HTV-201,1,"Fico Hiệp Phước","Tuấn An Phú (BD)","Tuấn An Phú (BD)",,,0,70,0.00054,2.71,0,0,189.7,0,0,,0,,,,,ngan,"Không hàng",,2025-09,"2025-09-15 01:27:06"
HTV-131,3,"Nhà máy xi măng Kiên Lương","XM Hạ Long (HP)","XM Hạ Long (HP)",,,322,0,0.0005253,2.18,1139,366758,894.62,0,0,,0,,2025-09-14,2025-09-17,2025-09-19,dai,Clinker,,2025-09,"2025-09-19 00:00:00"
HTV-201,1,"Tuấn An Phú (BD)","TN Phú Hữu","TN Phú Hữu",,,50,0,0.00052,2.66,1902,95100,182.45,0,0,,0,,2025-09-07,2025-09-08,2025-09-08,ngan,Clinker,,2025-09,"2025-09-08 00:00:00"
HTV-131,3,"XM Hạ Long (HP)","Cảng Long Thuận (ĐN)","Cảng Long Thuận (ĐN)",,,0,12,0.00105,3.82,0,0,45.84,0,0,,0,,,,,ngan,"Không hàng",,2025-09,"2025-09-15 01:29:18"
HTV-131,4,"Cảng Long Thuận (ĐN)","Nhà máy xi măng Kiên Lương","Nhà máy xi măng Kiên Lương",,,334,0,0.0005253,2.18,1124,375416,925.33,0,0,,0,,2025-09-20,2025-09-24,2025-09-25,dai,"Than đá",,2025-09,"2025-09-25 00:00:00"
HTV-131,4,,,,,,0,0,0,0,0,0,28,1,0,"Dầu ma nơ tại bến nhận hàng Cảng Long Thuận 01 chuyến x 28 lít",28,,2025-09-19,,,,,,2025-09,"2025-09-19 00:00:00"
HTV-201,1,"TN Phú Hữu","Phao BP04 (Gò Gia)","Phao BP04 (Gò Gia)",,,0,50,0.00052,2.66,0,0,133,0,0,,0,,,,,ngan,"Không hàng",,2025-09,"2025-09-15 01:31:01"
HTV-132,1,"Cảng An Ngãi (BRVT)","Nhà máy xi măng Kiên Lương","Nhà máy xi măng Kiên Lương",,,402,0,0.0005253,2.18,1021,410442,1091.97,0,0,,0,,2025-08-26,2025-08-29,2025-09-01,dai,Pouzolan,,2025-09,"2025-09-01 00:00:00"
HTV-132,2,"Nhà máy xi măng Kiên Lương","TN Phú Hữu","TN Phú Hữu",,,342,0,0.0005253,2.18,1158,396036,953.6,0,0,,0,,2025-09-03,2025-09-07,2025-09-07,dai,Clinker,,2025-09,"2025-09-07 00:00:00"
HTV-132,2,"TN Phú Hữu","Phao BP15 (Gò Gia)","Phao BP15 (Gò Gia)",,,0,50,0.00072,2.59,0,0,129.5,0,0,,0,,,,,ngan,"Không hàng",,2025-09,"2025-09-15 01:32:33"
HTV-132,3,"Phao BP15 (Gò Gia)","Cảng Cái Cui (CT)","Cảng Cái Cui (CT)",,,230,0,0.00058,2.095,1290,296700,653.94,0,0,,0,,2025-09-09,2025-09-11,2025-09-13,dai,"Than đá",,2025-09,"2025-09-13 00:00:00"
HTV-201,2,"Phao BP04 (Gò Gia)","Fico Tây Ninh","Fico Tây Ninh",,,225,0,0.00053,2.69,1647,370575,801.65,0,0,,0,,2025-09-10,2025-09-12,2025-09-12,dai,"Than đá",,2025-09,"2025-09-12 00:00:00"
HTV-201,2,,,,,,0,0,0,0,0,0,36,1,0,"Dầu ma nơ tại bến nhận hàng Phao BP04 (Gò Gia) 01 chuyến x 36 lít",36,,2025-09-12,,,,,,2025-09,"2025-09-12 00:00:00"
HTV-132,3,,,,,,0,0,0,0,0,0,28,1,0,"Dầu ma nơ tại bến nhận hàng Phao BP15 (Gò Gia) 01 chuyến x 28 lít",28,,2025-09-07,,,,,,2025-09,"2025-09-07 00:00:00"
HTV-132,3,"Cảng Cái Cui (CT)","Insee Hòn Chông","Insee Hòn Chông",,,0,196,0.00058,2.095,0,0,410.62,0,0,,0,,,,,trung_binh,"Không hàng",,2025-09,"2025-09-15 01:35:38"
HTV-201,3,"Fico Tây Ninh","Fico Hiệp Phước","Fico Hiệp Phước",,,185,0,0.00053,2.69,1903,352055,684.24,0,0,,0,,2025-09-14,2025-09-16,2025-09-16,trung_binh,Clinker,,2025-09,"2025-09-16 00:00:00"
HTV-132,4,"Insee Hòn Chông","Insee Thị Vải","Insee Thị Vải",,,380,0,0.0005253,2.18,1136,431680,1055.16,0,0,,0,,2025-09-18,2025-09-22,2025-09-24,dai,Clinker,,2025-09,"2025-09-24 00:00:00"
HTV-201,3,"Fico Hiệp Phước","Tuấn An Phú (BD)","Tuấn An Phú (BD)",,,0,70,0.00054,2.71,0,0,189.7,0,0,,0,,,,,ngan,"Không hàng",,2025-09,"2025-09-15 01:38:28"
HTV-132,4,,,,,,0,0,0,0,0,0,28,1,0,"Dầu ma nơ tại bến trả hàng Insee Thị Vải 01 chuyến x 28 lít",28,,2025-09-13,,,,,,2025-09,"2025-09-13 00:00:00"
HTV-132,4,"Insee Thị Vải","Cảng Long Thuận (ĐN)","Cảng Long Thuận (ĐN)",,,0,38,0.00072,2.59,0,0,98.42,0,0,,0,,,,,ngan,"Không hàng",,2025-09,"2025-09-15 01:39:00"
HTV-201,4,"Tuấn An Phú (BD)","TN Phú Hữu","TN Phú Hữu",,,50,0,0.00052,2.66,1902,95100,182.45,0,0,,0,,2025-09-19,2025-09-19,2025-09-20,ngan,Clinker,,2025-09,"2025-09-20 00:00:00"
HTV-201,4,"TN Phú Hữu","Tuấn An Phú (BD)","Tuấn An Phú (BD)",,,0,50,0.00052,2.66,0,0,133,0,0,,0,,,,,ngan,"Không hàng",,2025-09,"2025-09-15 01:43:46"
HTV-201,5,"Tuấn An Phú (BD)","TN Phú Hữu","TN Phú Hữu",,,50,0,0.00052,2.66,1904,95200,182.5,0,0,,0,,2025-09-23,2025-09-23,2025-09-24,ngan,Clinker,,2025-09,"2025-09-24 00:00:00"
HTV-201,5,"TN Phú Hữu","Fico Tây Ninh","Fico Tây Ninh",,,0,205,0.00053,2.69,0,0,551.45,0,0,,0,,,,,dai,"Không hàng",,2025-09,"2025-09-15 01:47:29"
HTV-171,1,"Tuấn An Phú (BD)","TN Phú Hữu","TN Phú Hữu",,,50,0,0.00064,2.61,1638,81900,182.92,0,0,,0,,2025-08-30,2025-08-31,2025-09-05,ngan,"Đá vôi",,2025-09,"2025-09-05 00:00:00"
HTV-171,1,"TN Phú Hữu","Phao BP04 (Gò Gia)","Phao BP04 (Gò Gia)",,,0,50,0.00064,2.61,0,0,130.5,0,0,,0,,,,,ngan,"Không hàng",,2025-09,"2025-09-15 02:02:01"
HTV-171,2,"Phao BP04 (Gò Gia)","Fico Tây Ninh","Fico Tây Ninh",,,225,0,0.00062,2.508,1474,331650,769.92,0,0,,0,,2025-09-06,2025-09-08,2025-09-08,dai,"Than đá",,2025-09,"2025-09-08 00:00:00"
HTV-171,2,,,,,,0,0,0,0,0,0,32,1,0,"Dầu ma nơ tại bến nhận hàng Phao BP04 (Gò Gia) 01 chuyến x 32 lít",32,,2025-09-05,,,,,,2025-09,"2025-09-05 00:00:00"
HTV-134,1,"Cảng An Ngãi (BRVT)","Nhà máy xi măng Kiên Lương","Nhà máy xi măng Kiên Lương",,,402,0,0.0005253,2.18,1091,438582,1106.75,0,0,,0,,2025-08-29,2025-09-02,2025-09-04,dai,Pouzolan,,2025-09,"2025-09-04 00:00:00"
HTV-134,2,"Nhà máy xi măng Kiên Lương","TN Phú Hữu","TN Phú Hữu",,,342,0,0.0005253,2.18,1133,387486,949.11,0,0,,0,,2025-09-05,2025-09-08,2025-09-09,dai,Clinker,,2025-09,"2025-09-09 00:00:00"
HTV-134,2,"TN Phú Hữu","Cảng Long Thuận (ĐN)","Cảng Long Thuận (ĐN)",,,0,22,0.00089,3.14,0,0,69.08,0,0,,0,,2025-09-09,2025-09-09,,ngan,"Không hàng",,2025-09,"2025-09-09 00:00:00"
HTV-171,3,"Fico Tây Ninh","Fico Hiệp Phước","Fico Hiệp Phước",,,185,0,0.00062,2.508,1587,293595,646.01,0,0,,0,,2025-09-09,2025-09-13,2025-09-13,trung_binh,Clinker,,2025-09,"2025-09-13 00:00:00"
HTV-134,3,"Cảng Long Thuận (ĐN)","Nhà máy xi măng Kiên Lương","Nhà máy xi măng Kiên Lương",,,334,0,0.0005253,2.18,1092,364728,919.71,0,0,,0,,2025-09-11,2025-09-14,2025-09-16,dai,"Than đá",,2025-09,"2025-09-16 00:00:00"
HTV-134,3,,,,,,0,0,0,0,0,0,28,1,0,"Dầu ma nơ tại bến nhận hàng Cảng Long Thuận 01 chuyến x 28 lít",28,,2025-09-09,,,,,,2025-09,"2025-09-09 00:00:00"
HTV-171,3,"Fico Hiệp Phước","Tuấn An Phú (BD)","Tuấn An Phú (BD)",,,0,70,0.00061,2.514,0,0,175.98,0,0,,0,,,,,ngan,"Không hàng",,2025-09,"2025-09-15 02:07:37"
HTV-134,4,"Nhà máy xi măng Kiên Lương","TN Long An","TN Long An",,,306,0,0.0005253,2.18,1124,343944,847.75,0,0,,0,,2025-09-18,2025-09-21,2025-09-22,dai,"Đá vôi",,2025-09,"2025-09-22 00:00:00"
HTV-134,4,"TN Long An","Vĩnh Xương (AG)","Vĩnh Xương (AG)",,,0,226,0.00058,2.095,0,0,473.47,0,0,,0,,2025-09-22,2025-09-24,,dai,"Không hàng",,2025-09,"2025-09-24 00:00:00"
HTV-1401,1,"Cảng TVP (Thị Vải)","Cảng AHT (Bình Dương)","Cảng AHT (Bình Dương)",,,120,0,0.00058,2.095,1382,165840,347.59,0,0,,0,,2025-09-04,2025-09-05,2025-09-08,trung_binh,"Sắt phế",,2025-09,"2025-09-08 00:00:00"
HTV-1401,1,,,,,,0,0,0,0,0,0,32,1,0,"Dầu ma nơ tại bến nhận hàng Cảng TVP (Thị Vải) 01 chuyến x 32 lít",32,,2025-09-08,,,,,,2025-09,"2025-09-08 00:00:00"
HTV-1401,1,"Cảng AHT (Bình Dương)","Phao BP15 (Gò Gia)","Phao BP15 (Gò Gia)",,,0,115,0.00058,2.095,0,0,240.93,0,0,,0,,2025-09-09,2025-09-09,,trung_binh,"Không hàng",,2025-09,"2025-09-09 00:00:00"
HTV-1401,1,,,,,,0,0,0,0,0,0,20,1,0,"Dầu ma nơ bơm nước qua cầu từ Cảng An Hưng Tường về các nơi để nhận hàng 01 chuyến x 20 lít",20,,,,,,,,2025-09,"2025-09-15 02:11:02"
HTV-171,4,"Tuấn An Phú (BD)","TN Phú Hữu","TN Phú Hữu",,,50,0,0.00064,2.61,1621,81050,182.37,0,0,,0,,2025-09-17,2025-09-17,2025-09-19,ngan,Clinker,,2025-09,"2025-09-19 00:00:00"
HTV-1401,2,"Phao BP15 (Gò Gia)","Cảng Cái Cui (CT)","Cảng Cái Cui (CT)",,,230,0,0.00058,2.095,1517,348910,684.22,0,0,,0,,2025-09-10,2025-09-12,2025-09-15,dai,"Than đá",,2025-09,"2025-09-15 00:00:00"
HTV-1401,2,,,,,,0,0,0,0,0,0,32,1,0,"Dầu ma nơ tại bến nhận hàng Phao BP15 (Gò Gia) 01 chuyến x 32 lít",32,,2025-09-08,,,,,,2025-09,"2025-09-08 00:00:00"
HTV-1401,2,"Cảng Cái Cui (CT)","Insee Hòn Chông","Insee Hòn Chông",,,0,196,0.00058,2.095,0,0,410.62,0,0,,0,,2025-09-16,2025-09-17,,trung_binh,"Không hàng",,2025-09,"2025-09-17 00:00:00"
HTV-1401,3,"Insee Hòn Chông","Insee Hiệp Phước","Insee Hiệp Phước",,,330,0,0.0005253,2.18,1363,449790,955.67,0,0,,0,,2025-09-18,2025-09-21,2025-09-24,dai,Clinker,,2025-09,"2025-09-24 00:00:00"
HTV-1401,3,"Insee Hiệp Phước","Nhà máy xi măng Kiên Lương","Nhà máy xi măng Kiên Lương",,,0,322,0.0005253,2.18,0,0,701.96,0,0,,0,,,,,dai,"Không hàng",,2025-09,"2025-09-15 02:13:38"
HTV-1402,1,"Cảng Thường Tân (BD)","Nhà máy xi măng Kiên Lương","Nhà máy xi măng Kiên Lương",,,414,0,0.0005253,2.18,1316,544824,1188.72,0,0,,0,,2025-08-30,2025-09-03,2025-09-05,dai,"Đá phong hóa",,2025-09,"2025-09-05 00:00:00"
HTV-171,4,"TN Phú Hữu","Cảng TMN (Phú Mỹ)","Cảng TMN (Phú Mỹ)",,,0,60,0.00064,2.61,0,0,156.6,0,0,,0,,,,,ngan,"Không hàng",,2025-09,"2025-09-15 02:14:44"
HTV-1402,2,"Nhà máy xi măng Kiên Lương","TN Long An","TN Long An",,,306,0,0.0005253,2.18,1362,416772,886.01,0,0,,0,,2025-09-07,2025-09-10,2025-09-12,dai,Clinker,,2025-09,"2025-09-12 00:00:00"
HTV-1402,2,"TN Long An","Vĩnh Xương (AG)","Vĩnh Xương (AG)",,,0,226,0.00058,2.095,0,0,473.47,0,0,,0,,2025-09-12,2025-09-15,,dai,"Không hàng",,2025-09,"2025-09-15 00:00:00"
HTV-1402,3,"Vĩnh Xương (AG)","Tuấn An Phú (BD)","Tuấn An Phú (BD)",,,312,0,0.0005253,2.18,1433,447096,915.02,0,0,,0,,2025-09-16,2025-09-18,2025-09-18,dai,Cát,,2025-09,"2025-09-18 00:00:00"
HTV-1402,3,,,,,,0,0,0,0,0,0,107,1,0,"Dầu ma nơ tại bến nhận hàng Vĩnh Xương (AG)->Tuấn An Phú (BD) 01 chuyến (75 lít+32 lit)",107,,2025-09-12,,,,,,2025-09,"2025-09-12 00:00:00"
HTV-1402,3,"Tuấn An Phú (BD)","TN Phú Hữu","TN Phú Hữu",,,50,0,0.00072,2.59,1504,75200,183.64,0,0,,0,,2025-09-19,2025-09-20,2025-09-21,ngan,Clinker,,2025-09,"2025-09-21 00:00:00"
HTV-1402,3,"TN Phú Hữu","Cảng Long Thuận (ĐN)","Cảng Long Thuận (ĐN)",,,0,22,0.00089,3.14,0,0,69.08,0,0,,0,,2025-09-21,2025-09-21,,ngan,"Không hàng",,2025-09,"2025-09-21 00:00:00"
HTV-1402,3,"Cảng Long Thuận (ĐN)","Nhà máy xi măng Kiên Lương","Nhà máy xi măng Kiên Lương",,,334,0,0.0005253,2.18,1357,453238,966.21,0,0,,0,,2025-09-23,2025-09-26,2025-09-26,dai,"Than đá",,2025-09,"2025-09-26 00:00:00"
HTV-1402,3,,,,,,0,0,0,0,0,0,32,1,0,"Dầu ma nơ tại bến nhận hàng Cảng Long Thuận 01 chuyến x 32 lít",32,,2025-09-12,,,,,,2025-09,"2025-09-12 00:00:00"
HTV-1403,1,"Nhà máy xi măng Kiên Lương","TN Long An","TN Long An",,,306,0,0.0005253,2.18,1365,417690,886.49,0,0,,0,,2025-08-27,2025-08-29,2025-08-30,dai,Clinker,,2025-09,"2025-08-30 00:00:00"
HTV-1403,1,"TN Long An","Cảng TVP (Thị Vải)","Cảng TVP (Thị Vải)",,,0,127,0.00058,2.095,0,0,266.07,0,0,,0,,2025-08-31,2025-08-31,,trung_binh,"Không hàng",,2025-08,"2025-08-31 00:00:00"
HTV-1403,2,"Cảng TVP (Thị Vải)","Cảng AHT (Bình Dương)","Cảng AHT (Bình Dương)",,,120,0,0.00058,2.095,1379,165480,347.38,0,0,,0,,2025-09-03,2025-09-04,2025-09-07,trung_binh,"Sắt phế",,2025-08,"2025-09-07 00:00:00"
HTV-1403,2,,,,,,0,0,0,0,0,0,32,1,0,"Dầu ma nơ tại bến nhận hàng Cảng TVP (Thị Vải) 01 chuyến x 32 lít",32,,2025-08-30,,,,,,2025-09,"2025-08-30 00:00:00"
HTV-1403,2,"Cảng AHT (Bình Dương)","Phao BP15 (Gò Gia)","Phao BP15 (Gò Gia)",,,0,115,0.00058,2.095,0,0,240.93,0,0,,0,,2025-09-08,2025-09-08,,trung_binh,"Không hàng",,2025-09,"2025-09-08 00:00:00"
HTV-1403,2,,,,,,0,0,0,0,0,0,20,1,0,"Dầu ma nơ bơm nước qua cầu từ Cảng An Hưng Tường về các nơi để nhận hàng 01 chuyến x 20 lít",20,,2025-08-30,,,,,,2025-09,"2025-08-30 00:00:00"
HTV-1403,3,"Phao BP15 (Gò Gia)","Cảng Cái Cui (CT)","Cảng Cái Cui (CT)",,,230,0,0.00058,2.095,1516,348680,684.08,0,0,,0,,2025-09-09,2025-09-11,2025-09-11,dai,"Than đá",,2025-09,"2025-09-11 00:00:00"
HTV-1403,3,,,,,,0,0,0,0,0,0,32,1,0,"Dầu ma nơ tại bến nhận hàng Phao BP15 (Gò Gia) 01 chuyến x 32 lít",32,,2025-09-07,,,,,,2025-09,"2025-09-07 00:00:00"
HTV-1403,3,"Cảng Cái Cui (CT)","Nhà máy xi măng Kiên Lương","Nhà máy xi măng Kiên Lương",,,0,185,0.00058,2.095,0,0,387.58,0,0,,0,,2025-09-12,2025-09-13,,trung_binh,"Không hàng",,2025-09,"2025-09-13 00:00:00"
HTV-171,5,"Cảng TMN (Phú Mỹ)","C.An Sơn","C.An Sơn",,,100,0,0.00061,2.514,1606,160600,349.37,0,0,,0,,2025-09-22,2025-09-23,2025-09-29,trung_binh,"Tole cuộn",,2025-09,"2025-09-29 00:00:00"
HTV-171,5,,,,,,0,0,0,0,0,0,32,1,0,"Dầu ma nơ tại bến nhận hàng Cảng TMN (Phú Mỹ) 01 chuyến x 32 lít",32,,2025-09-19,,,,,,2025-09,"2025-09-19 00:00:00"
HTV-1403,4,"Nhà máy xi măng Kiên Lương","TN Phú Hữu","TN Phú Hữu",,,342,0,0.0005253,2.18,1389,475038,995.1,0,0,,0,,2025-09-15,2025-09-17,2025-09-19,dai,Clinker,,2025-09,"2025-09-19 00:00:00"
HTV-1403,4,"TN Phú Hữu","Cảng TMN (Phú Mỹ)","Cảng TMN (Phú Mỹ)",,,0,60,0.00072,2.59,0,0,155.4,0,0,,0,,2025-09-19,2025-09-21,,ngan,"Không hàng",,2025-09,"2025-09-21 00:00:00"
HTV-1403,5,"Cảng TMN (Phú Mỹ)","C.An Sơn","C.An Sơn",,,100,0,0.00062,2.256,1445,144500,315.19,0,0,,0,,2025-09-22,2025-09-22,2025-09-24,trung_binh,"Tole cuộn",,2025-09,"2025-09-24 00:00:00"
HTV-1403,5,,,,,,0,0,0,0,0,0,32,1,0,"Dầu ma nơ tại bến nhận hàng Cảng TMN (Phú Mỹ) 01 chuyến x 32 lít",32,,2025-09-19,,,,,,2025-09,"2025-09-19 00:00:00"
HTV-161,1,"Fico Hiệp Phước","Tuấn An Phú (BD)","Tuấn An Phú (BD)",,,0,70,0.00061,2.514,0,0,175.98,0,0,,0,,2025-08-31,2025-09-01,,ngan,"Không hàng",,2025-09,"2025-09-01 00:00:00"
HTV-1403,5,"C.An Sơn","Phao ITC (Gò Gia)","Phao ITC (Gò Gia)",,,0,90,0.00062,2.256,0,0,203.04,0,0,,0,,2025-09-24,2025-09-24,,trung_binh,"Không hàng",,2025-09,"2025-09-24 00:00:00"
HTV-161,1,"Tuấn An Phú (BD)","TN Phú Hữu","TN Phú Hữu",,,50,0,0.00064,2.61,1539,76950,179.75,0,0,,0,,2025-09-04,2025-09-04,2025-09-04,ngan,Clinker,,2025-09,"2025-09-04 00:00:00"
HTV-1403,6,"Phao ITC (Gò Gia)","Cảng Phú Quang","Cảng Phú Quang",,,125,0,0.00058,2.095,1245,155625,352.14,0,0,,0,,2025-09-25,2025-09-26,2025-09-28,trung_binh,"Than đá",,2025-09,"2025-09-28 00:00:00"
HTV-1403,6,,,,,,0,0,0,0,0,0,32,1,0,"Dầu ma nơ tại bến nhận hàng Phao ITC (Gò Gia) 01 chuyến x 32 lít",32,,2025-09-24,,,,,,2025-09,"2025-09-24 00:00:00"
HTV-1403,6,"Cảng Phú Quang","Phao BP04 (Gò Gia)","Phao BP04 (Gò Gia)",,,0,125,0.00058,2.095,0,0,261.88,0,0,,0,,2025-09-28,,,trung_binh,"Không hàng",,2025-09,"2025-09-28 00:00:00"
HTV-1403,6,,,,,,0,0,0,0,0,0,20,1,0,"Dầu ma nơ bơm nước qua cầu từ Cảng Phú Quang (BD) về các nơi để nhận hàng 01 chuyến x 20 lít",20,,2025-09-24,,,,,,2025-09,"2025-09-24 00:00:00"
HTV-161,1,"TN Phú Hữu","Tuấn An Phú (BD)","Tuấn An Phú (BD)",,,0,50,0.00064,2.61,0,0,130.5,0,0,,0,,2025-09-06,2025-09-06,,ngan,"Không hàng",,2025-09,"2025-09-06 00:00:00"
HTV-1404,1,"Cảng TVP (Thị Vải)","Cảng AHT (Bình Dương)","Cảng AHT (Bình Dương)",,,120,0,0.00058,2.095,1225,147000,336.66,0,0,,0,,2025-09-01,2025-09-02,2025-09-04,trung_binh,"Sắt phế",,2025-09,"2025-09-04 00:00:00"
HTV-1404,1,,,,,,0,0,0,0,0,0,32,1,0,"Dầu ma nơ tại bến nhận hàng Cảng TVP (Thị Vải) 01 chuyến x 32 lít",32,,2025-09-04,,,,,,2025-09,"2025-09-04 00:00:00"
HTV-161,2,"Tuấn An Phú (BD)","TN Phú Hữu","TN Phú Hữu",,,50,0,0.00064,2.61,1534,76700,179.59,0,0,,0,,2025-09-07,2025-09-07,2025-09-08,ngan,Clinker,,2025-09,"2025-09-08 00:00:00"
HTV-161,2,"TN Phú Hữu","Phao BP04 (Gò Gia)","Phao BP04 (Gò Gia)",,,0,50,0.00064,2.61,0,0,130.5,0,0,,0,,2025-09-08,2025-09-08,,ngan,"Không hàng",,2025-09,"2025-09-08 00:00:00"
HTV-1404,2,"Cảng AHT (Bình Dương)","Cảng Bờ Sông AHT (ST)","Cảng Bờ Sông AHT (ST)",,,279,0,0.00058,2.095,1480,412920,824,0,0,,0,,2025-09-07,2025-09-09,2025-09-16,dai,"Sắt cuộn+Sắt bó",,2025-09,"2025-09-16 00:00:00"
HTV-161,3,"Phao BP04 (Gò Gia)","Fico Tây Ninh","Fico Tây Ninh",,,225,0,0.00062,2.508,1465,329625,768.67,0,0,,0,,2025-09-09,2025-09-11,2025-09-12,dai,"Than đá",,2025-09,"2025-09-12 00:00:00"
HTV-1404,2,"Cảng Bờ Sông AHT (ST)","Nhà máy xi măng Kiên Lương","Nhà máy xi măng Kiên Lương",,,0,197,0.00058,2.095,0,0,412.72,0,0,,0,,2025-09-16,2025-09-18,,trung_binh,"Không hàng",,2025-09,"2025-09-18 00:00:00"
HTV-161,3,,,,,,0,0,0,0,0,0,32,1,0,"Dầu ma nơ tại bến nhận hàng Phao BP04 (Gò Gia) 01 chuyến x 32 lít",32,,2025-09-08,,,,,,2025-09,"2025-09-08 00:00:00"
HTV-1404,3,"Nhà máy xi măng Kiên Lương","TN Long An","TN Long An",,,306,0,0.0005253,2.18,1356,414936,885.05,0,0,,0,,2025-09-20,2025-09-23,2025-09-24,dai,Clinker,,2025-09,"2025-09-24 00:00:00"
HTV-1404,3,"TN Long An","Nhà máy xi măng Kiên Lương","Nhà máy xi măng Kiên Lương",,,0,306,0.0005253,2.18,0,0,667.08,0,0,,0,,2025-09-24,2025-09-26,,dai,"Không hàng",,2025-09,"2025-09-26 00:00:00"
HTV-1405,1,"Nhà máy xi măng Kiên Lương","TN Phú Hữu","TN Phú Hữu",,,342,0,0.0005253,2.18,1351,462042,988.27,0,0,,0,,2025-09-03,2025-09-07,2025-09-07,dai,Clinker,,2025-09,"2025-09-07 00:00:00"
HTV-161,4,"Fico Tây Ninh","Fico Hiệp Phước","Fico Hiệp Phước",,,185,0,0.00062,2.508,1513,279905,637.52,0,0,,0,,2025-09-13,2025-09-13,2025-09-15,trung_binh,Clinker,,2025-09,"2025-09-15 00:00:00"
HTV-1405,1,"TN Phú Hữu","Phao BP15 (Gò Gia)","Phao BP15 (Gò Gia)",,,0,50,0.00072,2.59,0,0,129.5,0,0,,0,,2025-09-08,2025-09-08,,ngan,"Không hàng",,2025-09,"2025-09-08 00:00:00"
HTV-1405,2,"Phao BP15 (Gò Gia)","Cảng Cái Cui (CT)","Cảng Cái Cui (CT)",,,230,0,0.00058,2.095,1475,339250,678.62,0,0,,0,,2025-09-09,2025-09-11,2025-09-14,dai,"Than đá",,2025-09,"2025-09-14 00:00:00"
HTV-1405,2,,,,,,0,0,0,0,0,0,32,1,0,"Dầu ma nơ tại bến nhận hàng Phao BP15 (Gò Gia) 01chuyến x 32 lít",32,,2025-09-07,,,,,,2025-09,"2025-09-07 00:00:00"
HTV-161,4,"Fico Hiệp Phước","Tuấn An Phú (BD)","Tuấn An Phú (BD)",,,0,70,0.00061,2.514,0,0,175.98,0,0,,0,,,,,ngan,"Không hàng",,2025-09,"2025-09-15 02:36:05"
HTV-1405,2,"Cảng Cái Cui (CT)","Nhà máy xi măng Kiên Lương","Nhà máy xi măng Kiên Lương",,,0,185,0.00058,2.095,0,0,387.58,0,0,,0,,2025-09-14,2025-09-15,,trung_binh,"Không hàng",,2025-09,"2025-09-15 00:00:00"
HTV-1405,3,"Nhà máy xi măng Kiên Lương","TN Phú Hữu","TN Phú Hữu",,,342,0,0.0005253,2.18,1369,468198,991.5,0,0,,0,,2025-09-18,2025-09-22,2025-09-22,dai,Clinker,,2025-09,"2025-09-22 00:00:00"
HTV-1405,3,"TN Phú Hữu","Phao BP08 (Gò Gia)","Phao BP08 (Gò Gia)",,,0,50,0.00072,2.59,0,0,129.5,0,0,,0,,2025-09-23,2025-09-23,,ngan,"Không hàng",,2025-09,"2025-09-23 00:00:00"
HTV-161,5,"Tuấn An Phú (BD)","TN Phú Hữu","TN Phú Hữu",,,50,0,0.00064,2.61,1534,76700,179.59,0,0,,0,,2025-09-19,2025-09-19,2025-09-20,ngan,Clinker,,2025-09,"2025-09-20 00:00:00"
HTV-161,5,"TN Phú Hữu","Tuấn An Phú (BD)","Tuấn An Phú (BD)",,,0,50,0.00064,2.61,0,0,130.5,0,0,,0,,,,,ngan,"Không hàng",,2025-09,"2025-09-15 02:39:04"
HTV-161,6,"Tuấn An Phú (BD)","TN Phú Hữu","TN Phú Hữu",,,50,0,0.00064,2.61,1527,76350,179.36,0,0,,0,,2025-09-23,2025-09-23,2025-09-23,ngan,Clinker,,2025-09,"2025-09-23 00:00:00"
HTV-1405,4,"Phao BP08 (Gò Gia)","Cảng Phú Quang","Cảng Phú Quang",,,125,0,0.00058,2.095,1208,151000,349.46,0,0,,0,,2025-09-24,2025-09-26,2025-09-27,trung_binh,"Than đá",,2025-09,"2025-09-27 00:00:00"
HTV-1405,4,,,,,,0,0,0,0,0,0,32,1,0,"Dầu ma nơ tại bến nhận hàng Phao BP08 (Gò Gia) 01chuyến x 32 lít",32,,2025-09-22,,,,,,2025-09,"2025-09-22 00:00:00"
HTV-1406,1,"Cảng AHT (Bình Dương)","Cảng Bờ Sông AHT (ST)","Cảng Bờ Sông AHT (ST)",,,279,0,0.00058,2.095,1453,405387,819.63,0,0,,0,,2025-08-25,2025-08-27,2025-09-09,dai,"Sắt cuộn+Sắt bó",,2025-09,"2025-09-09 00:00:00"
HTV-161,6,"TN Phú Hữu","Fico Tây Ninh","Fico Tây Ninh",,,0,205,0.00062,2.508,0,0,514.14,0,0,,0,,,,,dai,"Không hàng",,2025-09,"2025-09-15 02:41:28"
HTV-1406,1,"Cảng Bờ Sông AHT (ST)","Nhà máy xi măng Kiên Lương","Nhà máy xi măng Kiên Lương",,,0,197,0.00058,2.095,0,0,412.72,0,0,,0,,2025-09-09,2025-09-11,,trung_binh,"Không hàng",,2025-09,"2025-09-11 00:00:00"
HTV-1406,2,"Nhà máy xi măng Kiên Lương","Phao BP12 (Nhà Bè)","Phao BP12 (Nhà Bè)",,,327,0,0.0005253,2.18,1352,442104,945.1,0,0,,0,,2025-09-13,2025-09-15,2025-09-16,dai,Clinker,,2025-09,"2025-09-16 00:00:00"
HTV-161,7,"Fico Tây Ninh","Fico Hiệp Phước","Fico Hiệp Phước",,,185,0,0.00062,2.508,1542,285270,640.85,0,0,,0,,2025-09-27,2025-09-29,2025-09-29,trung_binh,"Đá vôi",,2025-09,"2025-09-29 00:00:00"
HTV-1406,2,"Phao BP12 (Nhà Bè)","Cảng Long Thuận (ĐN)","Cảng Long Thuận (ĐN)",,,0,7,0.00105,3.82,0,0,26.74,0,0,,0,,2025-09-16,2025-09-16,,ngan,"Không hàng",,2025-09,"2025-09-16 00:00:00"
HTV-1406,3,"Cảng Long Thuận (ĐN)","Nhà máy xi măng Kiên Lương","Nhà máy xi măng Kiên Lương",,,334,0,0.0005253,2.18,1346,449564,964.28,0,0,,0,,2025-09-17,2025-09-20,2025-09-22,dai,"Than đá",,2025-09,"2025-09-22 00:00:00"
HTV-1406,3,,,,,,0,0,0,0,0,0,32,1,0,"Dầu ma nơ tại bến nhận hàng Cảng Long Thuận 01 chuyến x 32 lít",32,,2025-09-16,,,,,,2025-09,"2025-09-16 00:00:00"
HTV-161,7,"Fico Hiệp Phước","Phao BP04 (Gò Gia)","Phao BP04 (Gò Gia)",,,0,40,0.00064,2.61,0,0,104.4,0,0,,0,,,,,ngan,"Không hàng",,2025-09,"2025-09-15 02:44:22"
HTV-1406,4,"Nhà máy xi măng Kiên Lương","TN Phú Hữu","TN Phú Hữu",,,342,0,0.0005253,2.18,1364,466488,990.61,0,0,,0,,2025-09-23,2025-09-26,2025-09-27,dai,Clinker,,2025-09,"2025-09-27 00:00:00"
HTV-1407,1,"Cảng TVP (Thị Vải)","Cảng AHT (Bình Dương)","Cảng AHT (Bình Dương)",,,120,0,0.00058,2.095,1226,147120,336.73,0,0,,0,,2025-09-01,2025-09-02,2025-09-05,trung_binh,"Sắt phế",,2025-09,"2025-09-05 00:00:00"
HTV-1407,1,,,,,,0,0,0,0,0,0,32,1,0,"Dầu ma nơ tại bến nhận hàng Cảng TVP (Thị Vải) 01 chuyến x 32 lít",32,,2025-09-05,,,,,,2025-09,"2025-09-05 00:00:00"
HTV-1407,1,"Cảng AHT (Bình Dương)","Phao BP15 (Gò Gia)","Phao BP15 (Gò Gia)",,,0,115,0.00058,2.095,0,0,240.93,0,0,,0,,2025-09-06,2025-09-06,,trung_binh,"Không hàng",,2025-09,"2025-09-06 00:00:00"
HTV-1407,1,,,,,,0,0,0,0,0,0,20,1,0,"Dầu ma nơ bơm nước qua cầu từ Cảng An Hưng Tường về các nơi để nhận hàng 01 chuyến x 20 lít",20,,,,,,,,2025-09,"2025-09-15 02:46:26"
HTV-1407,2,"Phao BP15 (Gò Gia)","Cảng Cái Cui (CT)","Cảng Cái Cui (CT)",,,230,0,0.00058,2.095,1465,336950,677.28,0,0,,0,,2025-09-07,2025-09-09,2025-09-09,dai,"Than đá",,2025-09,"2025-09-09 00:00:00"
HTV-1407,2,,,,,,0,0,0,0,0,0,32,1,0,"Dầu ma nơ tại bến nhận hàng Phao BP15 (Gò Gia) 01 chuyến x 32 lít",32,,2025-09-05,,,,,,2025-09,"2025-09-05 00:00:00"
HTV-1407,2,"Cảng Cái Cui (CT)","Nhà máy xi măng Kiên Lương","Nhà máy xi măng Kiên Lương",,,0,185,0.00058,2.095,0,0,387.58,0,0,,0,,2025-09-09,2025-09-11,,trung_binh,"Không hàng",,2025-09,"2025-09-11 00:00:00"
HTV-1407,3,"Nhà máy xi măng Kiên Lương","Phao BP12 (Nhà Bè)","Phao BP12 (Nhà Bè)",,,327,0,0.0005253,2.18,1361,445047,946.64,0,0,,0,,2025-09-14,2025-09-16,2025-09-17,dai,Clinker,,2025-09,"2025-09-17 00:00:00"
HTV-1407,3,"Phao BP12 (Nhà Bè)","Cảng Long Thuận (ĐN)","Cảng Long Thuận (ĐN)",,,0,7,0.00105,3.82,0,0,26.74,0,0,,0,,2025-09-17,2025-09-17,,ngan,"Không hàng",,2025-09,"2025-09-17 00:00:00"
HTV-1407,4,"Cảng Long Thuận (ĐN)","Nhà máy xi măng Kiên Lương","Nhà máy xi măng Kiên Lương",,,334,0,0.0005253,2.18,1352,451568,965.33,0,0,,0,,2025-09-17,2025-09-20,2025-09-23,dai,"Than đá",,2025-09,"2025-09-23 00:00:00"
HTV-1407,4,,,,,,0,0,0,0,0,0,32,1,0,"Dầu ma nơ tại bến nhận hàng Cảng Long Thuận 01 chuyến x 32 lít",32,,2025-09-17,,,,,,2025-09,"2025-09-17 00:00:00"
HTV-1407,5,"Nhà máy xi măng Kiên Lương","TN Phú Hữu","TN Phú Hữu",,,342,0,0.0005253,2.18,1381,472302,993.66,0,0,,0,,2025-09-25,2025-09-28,2025-09-28,dai,Clinker,,2025-09,"2025-09-28 00:00:00"
HTV-157,1,"Nhà máy xi măng Kiên Lương","TN Long An","TN Long An",,,306,0,0.0005253,2.18,1162,355572,853.86,0,0,,0,,2025-08-28,2025-08-31,2025-09-02,dai,Clinker,,2025-09,"2025-09-02 00:00:00"
HTV-157,1,"TN Long An","Vĩnh Xương (AG)","Vĩnh Xương (AG)",,,0,226,0.00058,2.095,0,0,473.47,0,0,,0,,2025-09-02,2025-09-04,,dai,"Không hàng",,2025-09,"2025-09-04 00:00:00"
HTV-157,2,"Vĩnh Xương (AG)","Nhà máy xi măng Kiên Lương","Nhà máy xi măng Kiên Lương",,,217,0,0.00058,2.095,1037,225029,585.13,0,0,,0,,2025-09-06,2025-09-08,2025-09-09,dai,Cát,,2025-09,"2025-09-09 00:00:00"
HTV-157,2,,,,,,0,0,0,0,0,0,75,1,0,"Dầu ma nơ tại bến nhận hàng Vĩnh Xương (AG) 01 chuyến x 75 lít",75,,2025-09-02,,,,,,2025-09,"2025-09-02 00:00:00"
HTV-157,3,"Nhà máy xi măng Kiên Lương","TN Phú Hữu","TN Phú Hữu",,,342,0,0.0005253,2.18,1136,388512,949.65,0,0,,0,,2025-09-11,2025-09-14,2025-09-16,dai,Clinker,,2025-09,"2025-09-16 00:00:00"
HTV-157,3,"TN Phú Hữu","Vĩnh Xương (AG)","Vĩnh Xương (AG)",,,0,262,0.00058,2.095,0,0,548.89,0,0,,0,,2025-09-21,2025-09-23,,dai,"Không hàng",,2025-09,"2025-09-23 00:00:00"
HTV-157,4,"Vĩnh Xương (AG)","BMT Cần Thơ (Cái Cui)","BMT Cần Thơ (Cái Cui)",,,140,0,0.00058,2.095,1374,192360,404.87,0,0,,0,,2025-09-25,2025-09-26,2025-09-27,trung_binh,Cát,,2025-09,"2025-09-27 00:00:00"
HTV-157,4,,,,,,0,0,0,0,0,0,75,1,0,"Dầu ma nơ tại bến nhận hàng Vĩnh Xương (AG) 01 chuyến x 75 lít",75,,2025-09-16,,,,,,2025-09,"2025-09-16 00:00:00"
HTV-155,1,"Cảng An Ngãi (BRVT)","BMT - Cần Thơ (Thốt Nốt)","BMT - Cần Thơ (Thốt Nốt)",,,309,0,0.0005253,2.18,1358,419622,894.05,0,0,,0,,2025-09-01,2025-09-03,2025-09-05,dai,"Đá XD",,2025-09,"2025-09-05 00:00:00"
HTV-155,1,"BMT - Cần Thơ (Thốt Nốt)","Nhà máy xi măng Kiên Lương","Nhà máy xi măng Kiên Lương",,,0,136,0.00058,2.095,0,0,284.92,0,0,,0,,2025-09-06,2025-09-07,,trung_binh,"Không hàng",,2025-09,"2025-09-07 00:00:00"
HTV-155,2,"Nhà máy xi măng Kiên Lương","TN Long An","TN Long An",,,306,0,0.0005253,2.18,1172,358632,855.47,0,0,,0,,2025-09-13,2025-09-16,2025-09-17,dai,Clinker,,2025-09,"2025-09-17 00:00:00"
HTV-155,2,"TN Long An","Cảng An Ngãi (BRVT)","Cảng An Ngãi (BRVT)",,,0,156,0.00058,2.095,0,0,326.82,0,0,,0,,,,,trung_binh,"Không hàng",,2025-09,"2025-09-15 13:42:22"
HTV-155,3,"Cảng An Ngãi (BRVT)","Nhà máy xi măng Kiên Lương","Nhà máy xi măng Kiên Lương",,,402,0,0.0005253,2.18,1141,458682,1117.31,0,0,,0,,2025-09-19,2025-09-23,2025-09-28,dai,Pouzolan,,2025-09,"2025-09-28 00:00:00"
HTV-154,1,"Nhà máy xi măng Kiên Lương","TN Long An","TN Long An",,,306,0,0.0005253,2.18,1152,352512,852.25,0,0,,0,,2025-09-03,2025-09-06,2025-09-07,dai,Clinker,,2025-09,"2025-09-07 00:00:00"
HTV-154,1,"TN Long An","Phao BP15 (Gò Gia)","Phao BP15 (Gò Gia)",,,0,116,0.00058,2.095,0,0,243.02,0,0,,0,,2025-09-07,2025-09-08,,trung_binh,"Không hàng",,2025-09,"2025-09-08 00:00:00"
HTV-154,2,"Phao BP15 (Gò Gia)","Cảng Cái Cui (CT)","Cảng Cái Cui (CT)",,,230,0,0.00058,2.095,1475,339250,678.62,0,0,,0,,2025-09-08,2025-09-10,2025-09-10,dai,"Than đá",,2025-09,"2025-09-10 00:00:00"
HTV-154,2,,,,,,0,0,0,0,0,0,32,1,0,"Dầu ma nơ tại bến nhận hàng Phao BP15 (Gò Gia) 01 chuyến x 32 lít",32,,2025-09-07,,,,,,2025-09,"2025-09-07 00:00:00"
HTV-154,2,"Cảng Cái Cui (CT)","Nhà máy xi măng Kiên Lương","Nhà máy xi măng Kiên Lương",,,0,185,0.00058,2.095,0,0,387.58,0,0,,0,,2025-09-10,2025-09-12,,trung_binh,"Không hàng",,2025-09,"2025-09-12 00:00:00"
HTV-154,3,"Nhà máy xi măng Kiên Lương","TN Phú Hữu","TN Phú Hữu",,,342,0,0.0005253,2.18,1116,381672,946.05,0,0,,0,,2025-09-14,2025-09-17,2025-09-19,dai,Clinker,,2025-09,"2025-09-19 00:00:00"
HTV-154,3,"TN Phú Hữu","Cảng TMN (Phú Mỹ)","Cảng TMN (Phú Mỹ)",,,0,60,0.00072,2.59,0,0,155.4,0,0,,0,,,,,ngan,"Không hàng",,2025-09,"2025-09-15 13:54:12"
HTV-154,4,"Cảng TMN (Phú Mỹ)","C.An Sơn","C.An Sơn",,,100,0,0.00062,2.256,1444,144400,315.13,0,0,,0,,2025-09-21,2025-09-22,2025-09-24,trung_binh,"Tole cuộn",,2025-09,"2025-09-24 00:00:00"
HTV-154,4,,,,,,0,0,0,0,0,0,32,1,0,"Dầu ma nơ tại bến nhận hàng Cảng TMN (Phú Mỹ) 01 chuyến x 32 lít",32,,2025-09-19,,,,,,2025-09,"2025-09-19 00:00:00"
HTV-154,4,"C.An Sơn","Cảng Long Thuận (ĐN)","Cảng Long Thuận (ĐN)",,,0,62,0.00062,2.256,0,0,139.87,0,0,,0,,,,,ngan,"Không hàng",,2025-09,"2025-09-15 13:58:50"
HTV-153,1,"Nhà máy xi măng Kiên Lương","TN Phú Hữu","TN Phú Hữu",,,342,0,0.0005253,2.18,1142,390564,950.72,0,0,,0,,2025-09-29,2025-09-01,2025-09-02,dai,Clinker,,2025-09,"2025-09-29 00:00:00"
HTV-153,1,"TN Phú Hữu","Vĩnh Xương (AG)","Vĩnh Xương (AG)",,,0,262,0.00058,2.095,0,0,548.89,0,0,,0,,2025-09-03,2025-09-07,,dai,"Không hàng",,2025-09,"2025-09-07 00:00:00"
HTV-153,2,"Vĩnh Xương (AG)","Tuấn An Phú (BD)","Tuấn An Phú (BD)",,,312,0,0.0005253,2.18,1335,416520,898.96,0,0,,0,,2025-09-09,2025-09-11,2025-09-12,dai,Cát,,2025-09,"2025-09-12 00:00:00"
HTV-153,2,,,,,,0,0,0,0,0,0,107,1,0,"Dầu ma nơ tại bến nhận hàng Vĩnh Xương (AG)->Tuấn An Phú 01 chuyến (75 lít+32 lít)",107,,2025-09-02,,,,,,2025-09,"2025-09-02 00:00:00"
HTV-153,3,"Tuấn An Phú (BD)","TN Phú Hữu","TN Phú Hữu",,,50,0,0.00072,2.59,1473,73650,182.53,0,0,,0,,2025-09-14,2025-09-15,2025-09-17,ngan,Clinker,,2025-09,"2025-09-17 00:00:00"
HTV-153,3,"TN Phú Hữu","Fico Tây Ninh","Fico Tây Ninh",,,0,205,0.00058,2.095,0,0,429.48,0,0,,0,,2025-09-17,2025-09-20,,dai,"Không hàng",,2025-09,"2025-09-20 00:00:00"
HTV-153,4,"Fico Tây Ninh","Fico Hiệp Phước","Fico Hiệp Phước",,,185,0,0.00058,2.095,1449,268065,543.05,0,0,,0,,2025-09-22,2025-09-23,2025-09-25,trung_binh,"Đá vôi",,2025-09,"2025-09-25 00:00:00"
HTV-153,4,"Fico Hiệp Phước","Nhà máy xi măng Kiên Lương","Nhà máy xi măng Kiên Lương",,,0,322,0.0005253,2.18,0,0,701.96,0,0,,0,,2025-09-26,2025-09-30,,dai,"Không hàng",,2025-09,"2025-09-30 00:00:00"
HTV-151,1,"TN Long An","Phao Thiềng Liềng","Cảng An Ngãi (BRVT)",,,0,228,0.00058,2.095,0,0,477.66,0,1,,0,,2025-08-30,2025-09-01,,dai,"Không hàng",,2025-09,"2025-09-01 00:00:00"
HTV-151,1,"Cảng An Ngãi (BRVT)","XM Đồng Tâm (TG)","XM Đồng Tâm (TG)",,,173,0,0.00058,2.095,1092,188916,472.01,0,0,,0,,2025-09-05,2025-09-06,2025-09-10,trung_binh,Pouzolan,,2025-09,"2025-09-10 00:00:00"
HTV-151,1,"XM Đồng Tâm (TG)","Cảng Long Thuận (ĐN)","Cảng Long Thuận (ĐN)",,,0,105,0.00058,2.095,0,0,219.98,0,0,,0,,2025-09-10,2025-09-10,,trung_binh,"Không hàng",,2025-09,"2025-09-10 00:00:00"
HTV-151,2,"Cảng Long Thuận (ĐN)","Nhà máy xi măng Kiên Lương","Nhà máy xi măng Kiên Lương",,,334,0,0.0005253,2.18,1127,376418,925.85,0,0,,0,,2025-09-11,2025-09-14,2025-09-16,dai,"Than đá",,2025-09,"2025-09-16 00:00:00"
HTV-151,2,,,,,,0,0,0,0,0,0,32,1,0,"Dầu ma nơ tại bến nhận hàng Cảng Long Thuận  01 chuyến x 32 lít",32,,2025-08-30,,,,,,2025-09,"2025-08-30 00:00:00"
HTV-151,3,"Nhà máy xi măng Kiên Lương","TN Phú Hữu","TN Phú Hữu",,,342,0,0.0005253,2.18,1144,391248,951.08,0,0,,0,,2025-09-22,2025-09-25,2025-09-27,dai,Clinker,,2025-09,"2025-09-27 00:00:00"
HTV-142,1,"Nhà máy xi măng Kiên Lương","TN Long An","TN Long An",,,306,0,0.0005253,2.18,1167,357102,854.67,0,0,,0,,2025-08-31,2025-09-03,2025-09-03,dai,Clinker,,2025-09,"2025-09-03 00:00:00"
HTV-142,1,"TN Long An","Fico Tây Ninh","Fico Tây Ninh",,,0,109,0.00058,2.095,0,0,228.36,0,0,,0,,2025-09-03,2025-09-04,,trung_binh,"Không hàng",,2025-09,"2025-09-04 00:00:00"
HTV-142,2,"Fico Tây Ninh","Fico Hiệp Phước","Fico Hiệp Phước",,,185,0,0.00058,2.095,1469,271765,545.2,0,0,,0,,2025-09-09,2025-09-11,2025-09-12,trung_binh,"Đá vôi",,2025-09,"2025-09-12 00:00:00"
HTV-142,2,"Fico Hiệp Phước","Cảng Thường Tân (BD)","Cảng Thường Tân (BD)",,,0,92,0.00062,2.256,0,0,207.55,0,0,,0,,2025-09-12,2025-09-12,,trung_binh,"Không hàng",,2025-09,"2025-09-12 00:00:00"
HTV-142,3,"Cảng Thường Tân (BD)","Nhà máy xi măng Kiên Lương","Nhà máy xi măng Kiên Lương",,,414,0,0.0005253,2.18,958,396612,1110.86,0,0,,0,,2025-09-15,2025-09-19,2025-09-23,dai,"Đá phong hóa",,2025-09,"2025-09-23 00:00:00"
HTV-142,4,"Nhà máy xi măng Kiên Lương","TN Long An","TN Long An",,,306,0,0.0005253,2.18,1186,362916,857.72,0,0,,0,,2025-09-24,2025-09-27,2025-09-28,dai,Clinker,,2025-09,"2025-09-28 00:00:00"
HTV-1412,1,"Nhà máy xi măng Kiên Lương","TN Phú Hữu","TN Phú Hữu",,,342,0,0.0005253,2.18,1334,456228,985.22,0,0,,0,,2025-08-31,2025-09-03,2025-09-05,dai,Clinker,,2025-09,"2025-09-05 00:00:00"
HTV-1412,1,"TN Phú Hữu","Phao BP02 (Gò Gia)","Phao BP02 (Gò Gia)",,,0,50,0.00072,2.59,0,0,129.5,0,0,,0,,2025-09-05,,,ngan,"Không hàng",,2025-09,"2025-09-05 00:00:00"
HTV-1412,2,"Phao BP02 (Gò Gia)","Cảng Phú Quang","Cảng Phú Quang",,,125,0,0.00058,2.095,1192,149000,348.3,0,0,,0,,2025-09-05,2025-09-07,2025-09-09,trung_binh,"Than đá",,2025-09,"2025-09-09 00:00:00"
HTV-1412,2,,,,,,0,0,0,0,0,0,32,1,0,"Dầu ma nơ tại bến nhận hàng Phao BP02 (Gò Gia) 01 chuyến x 32 lít",32,,2025-09-05,,,,,,2025-09,"2025-09-05 00:00:00"
HTV-1412,2,"Cảng Phú Quang","Cảng AHT (Bình Dương)","Cảng AHT (Bình Dương)",,,0,10,0.00105,3.82,0,0,38.2,0,0,,0,,,,,ngan,"Không hàng",,2025-09,"2025-09-15 15:45:19"
HTV-1412,3,"Cảng AHT (Bình Dương)","Cảng Bờ Sông AHT (ST)","Cảng Bờ Sông AHT (ST)",,,279,0,0.00058,2.095,1488,415152,825.29,0,0,,0,,2025-09-12,2025-09-15,2025-09-26,dai,"Sắt cây + Sắt bó",,2025-09,"2025-09-26 00:00:00"
HTV-1412,3,"Cảng Bờ Sông AHT (ST)","Nhà máy xi măng Kiên Lương","Nhà máy xi măng Kiên Lương",,,0,197,0.00058,2.095,0,0,412.72,0,0,,0,,,,,trung_binh,"Không hàng",,2025-09,"2025-09-15 15:50:56"
HTV-156,1,"Fico Hiệp Phước","Tuấn An Phú (BD)","Tuấn An Phú (BD)",,,0,70,0.00061,2.514,0,0,175.98,0,0,,0,,,,,ngan,"Không hàng",,2025-09,"2025-09-15 15:52:27"
HTV-156,1,"Tuấn An Phú (BD)","TN Phú Hữu","TN Phú Hữu",,,50,0,0.00064,2.61,1566,78300,180.61,0,0,,0,,2025-09-04,2025-09-04,2025-09-04,ngan,Clinker,,2025-09,"2025-09-04 00:00:00"
HTV-156,1,"TN Phú Hữu","Tuấn An Phú (BD)","Tuấn An Phú (BD)",,,0,50,0.00064,2.61,0,0,130.5,0,0,,0,,,,,ngan,"Không hàng",,2025-09,"2025-09-15 15:54:04"
HTV-156,2,"Tuấn An Phú (BD)","TN Phú Hữu","TN Phú Hữu",,,50,0,0.00064,2.61,1566,78300,180.61,0,0,,0,,2025-09-06,2025-09-07,2025-09-08,ngan,Clinker,,2025-09,"2025-09-08 00:00:00"
HTV-156,2,"TN Phú Hữu","Tuấn An Phú (BD)","Tuấn An Phú (BD)",,,0,50,0.00064,2.61,0,0,130.5,0,0,,0,,,,,ngan,"Không hàng",,2025-09,"2025-09-15 15:55:53"
HTV-156,3,"Tuấn An Phú (BD)","TN Phú Hữu","TN Phú Hữu",,,50,0,0.00064,2.61,1571,78550,180.77,0,0,,0,,2025-09-09,2025-09-09,2025-09-10,ngan,Clinker,,2025-09,"2025-09-10 00:00:00"
HTV-156,3,"TN Phú Hữu","Tuấn An Phú (BD)","Tuấn An Phú (BD)",,,0,50,0.00064,2.61,0,0,130.5,0,0,,0,,,,,ngan,"Không hàng",,2025-09,"2025-09-15 15:57:32"
HTV-156,4,"Tuấn An Phú (BD)","TN Phú Hữu","TN Phú Hữu",,,50,0,0.00064,2.61,1569,78450,180.71,0,0,,0,,2025-09-11,2025-09-12,2025-09-13,ngan,Clinker,,2025-09,"2025-09-13 00:00:00"
HTV-156,4,"TN Phú Hữu","Phao BP04 (Gò Gia)","Phao BP04 (Gò Gia)",,,0,50,0.00064,2.61,0,0,130.5,0,0,,0,,,,,ngan,"Không hàng",,2025-09,"2025-09-15 15:59:11"
HTV-156,5,"Phao BP04 (Gò Gia)","Fico Tây Ninh","Fico Tây Ninh",,,225,0,0.00062,2.508,1393,313425,758.62,0,0,,0,,2025-09-13,2025-09-15,2025-09-16,dai,"Than đá",,2025-09,"2025-09-16 00:00:00"
HTV-156,5,,,,,,0,0,0,0,0,0,32,1,0,"Dầu ma nơ tại bến nhận hàng Phao BP04 (Gò Gia) 01 chuyến x 32 lít",32,,2025-09-13,,,,,,2025-09,"2025-09-13 00:00:00"
HTV-156,6,"Fico Tây Ninh","Fico Hiệp Phước","Fico Hiệp Phước",,,185,0,0.00062,2.508,1565,289525,643.49,0,0,,0,,2025-09-19,2025-09-21,2025-09-22,trung_binh,"Đá vôi",,2025-09,"2025-09-22 00:00:00"
HTV-156,6,"Fico Hiệp Phước","Fico Tây Ninh","Fico Tây Ninh",,,0,185,0.00062,2.508,0,0,463.98,0,0,,0,,,,,trung_binh,"Không hàng",,2025-09,"2025-09-15 16:02:19"
HTV-156,7,"Fico Tây Ninh","Fico Hiệp Phước","Fico Hiệp Phước",,,185,0,0.00062,2.508,1567,289895,643.71,0,0,,0,,2025-09-26,2025-09-28,2025-09-28,trung_binh,Clinker,,2025-09,"2025-09-28 00:00:00"
HTV-156,7,"Fico Hiệp Phước","Phao BP04 (Gò Gia)","Phao BP04 (Gò Gia)",,,0,40,0.00064,2.61,0,0,104.4,0,0,,0,,,,,ngan,"Không hàng",,2025-09,"2025-09-15 16:03:51"
HTV-1411,1,"Ụ Đại Nam (Long An)","Vĩnh Xương (AG)","Vĩnh Xương (AG)",,,0,212,0.00058,2.095,0,0,444.14,0,0,,0,,2025-08-30,2025-08-31,,dai,"Không hàng",,2025-11,"2025-08-31 00:00:00"
HTV-1411,1,"Vĩnh Xương (AG)","Tuấn An Phú (BD)","Tuấn An Phú (BD)",,,312,0,0.0005253,2.18,1483,462696,923.21,0,0,,0,,2025-09-02,2025-09-04,2025-09-04,dai,Cát,,2025-08,"2025-09-04 00:00:00"
HTV-1411,1,,,,,,0,0,0,0,0,0,107,1,0,"Dầu ma nơ tại bến Vĩnh Xương (AG)->Tuấn An Phú (BD) 01 chuyến (75 lít+32 lít)",107,,2025-09-04,,,,,,2025-09,"2025-09-04 00:00:00"
HTV-1411,2,"Tuấn An Phú (BD)","TN Phú Hữu","TN Phú Hữu",,,50,0,0.00072,2.59,1481,74050,182.82,0,0,,0,,2025-09-05,2025-09-05,2025-09-06,ngan,Clinker,,2025-09,"2025-09-06 00:00:00"
HTV-1411,2,"TN Phú Hữu","Phao BP04 (Gò Gia)","Phao BP04 (Gò Gia)",,,0,50,0.00072,2.59,0,0,129.5,0,0,,0,,2025-09-06,2025-09-06,,ngan,"Không hàng",,2025-09,"2025-09-06 00:00:00"
HTV-1411,3,"Phao BP04 (Gò Gia)","Fico Tây Ninh","Fico Tây Ninh",,,225,0,0.00058,2.095,1419,319275,656.55,0,0,,0,,2025-09-06,2025-09-08,2025-09-09,dai,"Than đá",,2025-09,"2025-09-09 00:00:00"
HTV-1411,3,,,,,,0,0,0,0,0,0,32,1,0,"Dầu ma nơ tại bến nhận hàng Phao BP04 (Gò Gia) 01 chuyến x 32 lít",32,,2025-09-06,,,,,,2025-09,"2025-09-06 00:00:00"
HTV-1411,4,"Fico Tây Ninh","Fico Hiệp Phước","Fico Hiệp Phước",,,185,0,0.00058,2.095,1475,272875,545.84,0,0,,0,,2025-09-10,2025-09-12,2025-09-13,trung_binh,"Đá vôi",,2025-09,"2025-09-13 00:00:00"
HTV-1411,4,"Fico Hiệp Phước","Cảng Long Thuận (ĐN)","Cảng Long Thuận (ĐN)",,,0,12,0.00105,3.82,0,0,45.84,0,0,,0,,,,,ngan,"Không hàng",,2025-09,"2025-09-15 16:30:31"
HTV-1411,5,"Cảng Long Thuận (ĐN)","Nhà máy xi măng Kiên Lương","Nhà máy xi măng Kiên Lương",,,334,0,0.0005253,2.18,1339,447226,963.05,0,0,,0,,2025-09-13,2025-09-18,2025-09-19,dai,"Than đá",,2025-09,"2025-09-19 00:00:00"
HTV-1411,5,,,,,,0,0,0,0,0,0,32,1,0,"Dầu ma nơ tại bến nhận hàng C.Long Thuận  01 chuyến x 32 lít",32,,2025-09-13,,,,,,2025-09,"2025-09-13 00:00:00"
HTV-1411,6,"Nhà máy xi măng Kiên Lương","TN Long An","TN Long An",,,306,0,0.0005253,2.18,1362,416772,886.01,0,0,,0,,2025-09-21,2025-09-24,2025-09-24,dai,Clinker,,2025-09,"2025-09-24 00:00:00"
HTV-1411,6,"TN Long An","Vĩnh Xương (AG)","Vĩnh Xương (AG)",,,0,226,0.00058,2.095,0,0,473.47,0,0,,0,,2025-09-24,2025-09-26,,dai,"Không hàng",,2025-09,"2025-09-26 00:00:00"
HTV-152,1,"Nhà máy xi măng Kiên Lương","TN Phú Hữu","TN Phú Hữu",,,342,0,0.000475,2.42,1155,395010,1015.27,0,0,,0,,2025-09-06,2025-09-09,2025-09-09,dai,Clinker,,2025-09,"2025-09-09 00:00:00"
HTV-152,1,"TN Phú Hữu","Tuấn An Phú (BD)","Tuấn An Phú (BD)",,,0,50,0.00064,2.61,0,0,130.5,0,0,,0,,,,,ngan,"Không hàng",,2025-09,"2025-09-15 16:36:09"
HTV-152,2,"Tuấn An Phú (BD)","TN Phú Hữu","TN Phú Hữu",,,50,0,0.00064,2.61,1542,77100,179.84,0,0,,0,,2025-09-13,2025-09-14,2025-09-21,ngan,"Đá vôi",,2025-09,"2025-09-21 00:00:00"
HTV-152,2,"TN Phú Hữu","Vĩnh Xương (AG)","Vĩnh Xương (AG)",,,0,262,0.00062,2.508,0,0,657.1,0,0,,0,,,,,dai,"Không hàng",,2025-09,"2025-09-15 16:38:53"
HTV-1410,1,"Ụ Trí Nguyễn","Vĩnh Xương (AG)","Vĩnh Xương (AG)",,,0,82,0.00062,2.256,0,0,184.99,0,0,,0,,2025-08-29,2025-09-01,,trung_binh,"Không hàng",,2025-11,"2025-09-01 00:00:00"
HTV-1410,1,"Vĩnh Xương (AG)","Tuấn An Phú (BD)","Tuấn An Phú (BD)",,,312,0,0.0005253,2.18,1385,432120,907.15,0,0,,0,,2025-09-02,2025-09-05,2025-09-06,dai,Cát,,2025-09,"2025-09-06 00:00:00"
HTV-1410,1,,,,,,0,0,0,0,0,0,107,1,0,"Dầu ma nơ tại bến nhận hàng Vĩnh Xương( AG)->Tuấn An Phú (BD) 01 chuyến (75 lít+32 lít)",107,,2025-09-06,,,,,,2025-09,"2025-09-06 00:00:00"
HTV-1410,2,"Tuấn An Phú (BD)","TN Phú Hữu","TN Phú Hữu",,,50,0,0.00072,2.59,1478,73900,182.71,0,0,,0,,2025-09-09,2025-09-10,2025-09-10,ngan,"Đá vôi",,2025-09,"2025-09-10 00:00:00"
HTV-1410,2,"TN Phú Hữu","Cảng Long Thuận (ĐN)","Cảng Long Thuận (ĐN)",,,0,22,0.00089,3.14,0,0,69.08,0,0,,0,,2025-09-11,2025-09-11,,ngan,"Không hàng",,2025-09,"2025-09-11 00:00:00"
HTV-1410,3,"Cảng Long Thuận (ĐN)","Nhà máy xi măng Kiên Lương","Nhà máy xi măng Kiên Lương",,,334,0,0.0005253,2.18,1345,449230,964.1,0,0,,0,,2025-09-13,2025-09-16,2025-09-19,dai,"Than đá",,2025-09,"2025-09-19 00:00:00"
HTV-1410,3,,,,,,0,0,0,0,0,0,32,1,0,"Dầu ma nơ tại bến nhận hàng Cảng Long Thuận  01 chuyến x 32 lít",32,,2025-09-10,,,,,,2025-09,"2025-09-10 00:00:00"
HTV-1410,4,"Nhà máy xi măng Kiên Lương","TN Phú Hữu","TN Phú Hữu",,,342,0,0.0005253,2.18,1374,469908,992.4,0,0,,0,,2025-09-20,2025-09-23,2025-09-24,dai,Clinker,,2025-09,"2025-09-24 00:00:00"
HTV-1410,4,"TN Phú Hữu","Cảng Long Thuận (ĐN)","Cảng Long Thuận (ĐN)",,,0,22,0.00089,3.14,0,0,69.08,0,0,,0,,2025-09-24,2025-09-24,,ngan,"Không hàng",,2025-09,"2025-09-24 00:00:00"
HTV-1410,5,"Cảng Long Thuận (ĐN)","Nhà máy xi măng Kiên Lương","Nhà máy xi măng Kiên Lương",,,334,0,0.0005253,2.18,1349,450566,964.8,0,0,,0,,2025-09-24,2025-09-28,2025-09-30,dai,"Than đá",,2025-09,"2025-09-30 00:00:00"
HTV-1410,5,,,,,,0,0,0,0,0,0,32,1,0,"Dầu ma nơ tại bến nhận hàng Cảng Long Thuận  01 chuyến x 32 lít",32,,2025-09-24,,,,,,2025-09,"2025-09-24 00:00:00"
HTV-1409,1,"TN Long An","Cảng TVP (Thị Vải)","Cảng TVP (Thị Vải)",,,0,127,0.00058,2.095,0,0,266.07,0,0,,0,,2025-09-01,2025-09-02,,trung_binh,"Không hàng",,2025-09,"2025-09-02 00:00:00"
HTV-1409,1,"Cảng TVP (Thị Vải)","Cảng AHT (Bình Dương)","Cảng AHT (Bình Dương)",,,120,0,0.00058,2.095,1201,144120,334.99,0,0,,0,,2025-09-06,2025-09-06,2025-09-08,trung_binh,"Sắt phế",,2025-09,"2025-09-08 00:00:00"
HTV-1409,1,,,,,,0,0,0,0,0,0,32,1,0,"Dầu ma nơ tại bến nhận hàng Cảng TVP (Thị Vải) 01 chuyến x 32 lít",32,,2025-09-08,,,,,,2025-09,"2025-09-08 00:00:00"
HTV-1409,1,"Cảng AHT (Bình Dương)","Phao BP15 (Gò Gia)","Phao BP15 (Gò Gia)",,,0,115,0.00058,2.095,0,0,240.93,0,0,,0,,2025-09-10,2025-09-10,,trung_binh,"Không hàng",,2025-09,"2025-09-10 00:00:00"
HTV-1409,1,,,,,,0,0,0,0,0,0,20,1,0,"Dầu ma nơ bơm nước qua cầu từ Cảng AHT (Bình Dương) về các nơi để nhận hàng 01 chuyến x 20 lít",20,,,,,,,,2025-09,"2025-09-15 16:54:08"
HTV-1409,2,"Phao BP15 (Gò Gia)","Cảng Cái Cui (CT)","Cảng Cái Cui (CT)",,,230,0,0.00058,2.095,1517,348910,684.22,0,0,,0,,2025-09-11,2025-09-13,2025-09-16,dai,"Than đá",,2025-09,"2025-09-16 00:00:00"
HTV-1409,2,,,,,,0,0,0,0,0,0,32,1,0,"Dầu ma nơ tại bến nhận hàng Phao PB15 (Gò Gia) 01 chuyến x 32 lít",32,,2025-09-01,,,,,,2025-09,"2025-09-01 00:00:00"
HTV-1409,2,"Cảng Cái Cui (CT)","Insee Hòn Chông","Insee Hòn Chông",,,0,196,0.00058,2.095,0,0,410.62,0,0,,0,,2025-09-16,2025-09-18,,trung_binh,"Không hàng",,2025-09,"2025-09-18 00:00:00"
HTV-1409,3,"Insee Hòn Chông","Insee Thị Vải","Insee Thị Vải",,,380,0,0.0005253,2.18,1374,522120,1102.67,0,0,,0,,2025-09-20,2025-09-23,2025-09-25,dai,Clinker,,2025-09,"2025-09-25 00:00:00"
HTV-1409,3,,,,,,0,0,0,0,0,0,32,1,0,"Dầu ma nơ tại bến trả hàng Insee Thị Vải 01 chuyến x 32 lít",32,,2025-09-16,,,,,,2025-09,"2025-09-16 00:00:00"
HTV-1409,3,"Insee Thị Vải","Phao Gò Gia","Phao Gò Gia",,,0,17,0.00089,3.14,0,0,53.38,0,0,,0,,,,,ngan,"Không hàng",,2025-09,"2025-09-15 16:58:17"
HTV-1408,1,"Cảng An Ngãi (BRVT)","Nhà máy xi măng Kiên Lương","Nhà máy xi măng Kiên Lương",,,402,0,0.0005253,2.18,1271,510942,1144.76,0,0,,0,,2025-09-01,2025-09-04,2025-09-09,dai,Clinker,,2025-09,"2025-09-09 00:00:00"
HTV-1408,2,"Nhà máy xi măng Kiên Lương","TN Long An","TN Long An",,,306,0,0.0005253,2.18,1370,419220,887.3,0,0,,0,,2025-09-10,2025-09-13,2025-09-15,dai,Clinker,,2025-09,"2025-09-15 00:00:00"
HTV-1408,2,"TN Long An","Cảng Long Thuận (ĐN)","Cảng Long Thuận (ĐN)",,,0,88,0.00062,2.256,0,0,198.53,0,0,,0,,,,,trung_binh,"Không hàng",,2025-09,"2025-09-15 17:02:05"
HTV-1408,3,"Cảng Long Thuận (ĐN)","Nhà máy xi măng Kiên Lương","Nhà máy xi măng Kiên Lương",,,334,0,0.0005253,2.18,1352,451568,965.33,0,0,,0,,2025-09-16,2025-09-19,2025-09-22,dai,"Than đá",,2025-09,"2025-09-22 00:00:00"
HTV-1408,3,,,,,,0,0,0,0,0,0,32,1,0,"Dầu ma nơ tại bến nhận hàng Cảng Long Thuận 01 chuyến x 32 lít",32,,2025-09-15,,,,,,2025-09,"2025-09-15 00:00:00"
HTV-1408,4,"Nhà máy xi măng Kiên Lương","XM Hạ Long (HP)","XM Hạ Long (HP)",,,322,0,0.0005253,2.18,1360,437920,932,0,0,,0,,2025-09-22,2025-09-26,2025-09-30,dai,Clinker,,2025-09,"2025-09-30 00:00:00"
HTL-1,5,"Cảng Bourbon (Long An)","Cảng Lotus","Cảng Lotus",,"Cảng Bourbon (Long An) → Cảng Lotus",0,100,0.00062,2.256,0,0,225.6,0,0,,0,,2025-10-24,,,trung_binh,"Không hàng",,2025-10,"2025-10-24 00:00:00"
HTV-156,8,"Phao BP04 (Gò Gia)","Fico Tây Ninh","Fico Tây Ninh",,,225,0,0.00062,2.508,1375.35,309453.75,756.16,0,0,,0,,2025-09-29,2025-10-01,2025-10-02,dai,"Than đá",,2025-09,"2025-10-02 00:00:00"
HTV-156,8,,,,,,0,0,0,0,0,0,32,1,0,"Dầu ma nơ tại bến nhận hàng Phao BP04(Gò Gia) 01 chuyến x 32 lít",32,,2025-09-28,,,,,,2025-10,"2025-09-28 00:00:00"
HTV-156,9,"Fico Tây Ninh","Fico Hiệp Phước","Fico Hiệp Phước",,,185,0,0.00062,2.508,1567.1,289913.5,643.73,0,0,,0,,2025-10-03,2025-10-04,2025-10-06,trung_binh,Clinker,,2025-10,"2025-10-06 00:00:00"
HTV-156,9,"Fico Hiệp Phước","Tuấn An Phú (BD)","Tuấn An Phú (BD)",,,0,70,0.00061,2.514,0,0,175.98,0,0,,0,,2025-10-06,2025-10-07,,ngan,"Không hàng",,2025-10,"2025-10-07 00:00:00"
HTV-156,10,"Tuấn An Phú (BD)","TN Phú Hữu","TN Phú Hữu",,,50,0,0.00064,2.61,1570.16,78508,180.75,0,0,,0,,2025-10-07,2025-10-08,2025-10-11,ngan,Clinker,,2025-10,"2025-10-11 00:00:00"
HTV-156,10,"TN Phú Hữu","Tuấn An Phú (BD)","Tuấn An Phú (BD)",,,0,50,0.00064,2.61,0,0,130.5,0,0,,0,,2025-10-12,2025-10-12,,ngan,"Không hàng",,2025-10,"2025-10-12 00:00:00"
HTV-156,11,"Tuấn An Phú (BD)","TN Phú Hữu","TN Phú Hữu",,,50,0,0.00064,2.61,1571.64,78582,180.79,0,0,,0,,2025-10-13,2025-10-13,2025-10-21,ngan,Clinker,,2025-10,"2025-10-21 00:00:00"
HTV-156,11,"TN Phú Hữu","Cảng SITV(Thị Vải)","Cảng SITV(Thị Vải)",,,0,60,0.00064,2.61,0,0,156.6,0,0,,0,,,,,ngan,"Không hàng",,2025-10,"2025-10-15 15:42:35"
HTV-156,12,"Cảng SITV(Thị Vải)","Cảng Tuệ Minh (Thường Tân)","Cảng Tuệ Minh (Thường Tân)",,,126,0,0.00062,2.508,729.94,91972.44,373.03,0,0,,0,,2025-10-23,2025-10-25,2025-10-28,trung_binh,"Sắt phế",,2025-10,"2025-10-28 00:00:00"
HTV-156,12,,,,,,0,0,0,0,0,0,32,1,0,"Dầu ma nơ tại bến nhận hàng Cảng SITV (Thị Vải) 01 chuyến x 32 lít",32,,2025-10-21,,,,,,2025-10,"2025-10-21 00:00:00"
HTV-156,12,"Cảng Tuệ Minh (Thường Tân)","Tuấn An Phú (BD)","Tuấn An Phú (BD)",,,0,22,0.00078,3.26,0,0,71.72,0,0,,0,,,,,ngan,"Không hàng",,2025-10,"2025-10-15 15:47:09"
HTV-156,13,"Tuấn An Phú (BD)","TN Phú Hữu","TN Phú Hữu",,,50,0,0.00064,2.61,1569.18,78459,180.71,0,0,,0,,2025-10-30,2025-10-31,2025-10-31,ngan,Clinker,,2025-10,"2025-10-31 00:00:00"
HTV-161,8,"TN Phú Hữu","Ụ Minh Tâm (Hiệp Phước)","Cảng TVP (Thị Vải)","[{""point"":""Cảng TVP (Thị Vải)"",""reason"":"""",""note"":""""}]","TN Phú Hữu → Ụ Minh Tâm (Hiệp Phước) (đổi lệnh) → Cảng TVP (Thị Vải)",0,70,0.00061,2.514,0,0,175.98,0,1,,0,,2025-10-30,2025-11-07,,ngan,"Không hàng",,2025-11,"2025-11-07 00:00:00"
HTV-161,9,"Cảng TVP (Thị Vải)","Cảng Tuệ Minh (Thường Tân)","Cảng Tuệ Minh (Thường Tân)",,"Cảng TVP (Thị Vải) → Cảng Tuệ Minh (Thường Tân)",126,0,0.00062,2.508,1299.7,163762.2,417.54,0,0,,0,,2025-11-11,2025-11-12,2025-11-15,trung_binh,"Sắt phế",,2025-11,"2025-11-15 00:00:00"
HTV-161,10,,,,," → ",0,0,0,0,0,0,32,1,0,"Dầu ma nơ tại bến Cảng TVP (Thị Vải) 01 chuyến x 32 lít",32,,2025-11-15,,,,,,2025-11,"2025-11-15 00:00:00"
HTV-161,11,"Cảng Tuệ Minh (Thường Tân)","Tuấn An Phú (BD)","Tuấn An Phú (BD)",,"Cảng Tuệ Minh (Thường Tân) → Tuấn An Phú (BD)",0,22,0.00078,3.26,0,0,71.72,0,0,,0,,,,,ngan,"Không hàng",,2025-11,"2025-11-15 15:29:23"
HTV-161,12,"Tuấn An Phú (BD)","TN Phú Hữu","TN Phú Hữu",,"Tuấn An Phú (BD) → TN Phú Hữu",50,0,0.00064,2.61,1533.8,76690,179.58,0,0,,0,,2025-11-16,2025-11-16,2025-11-17,ngan,Clinker,,2025-11,"2025-11-17 00:00:00"
HTL-1,5,,,,," → ",0,0,0,0,0,0,32,1,0,"Dầu bơm nước qua cầu Cảng Bảo Mai (Đồng Tháp) 01 chuyến x 32 lít",32,,2025-09-26,,,,,,2025-10,"2025-09-26 00:00:00"
HTL-1,4,"BMT Cần Thơ (Cái Cui)","Cảng Thường Tân (BD)","Cảng Thường Tân (BD)",,"BMT Cần Thơ (Cái Cui) → Cảng Thường Tân (BD)",282,0,0.00058,2.095,1500,423000,836.13,0,0,,0,,2025-10-24,2025-12-03,2025-12-04,dai,"Sắt cây + Sắt bó",,2025-12,"2025-12-04 00:00:00"
HTL-1,6,,,,,,0,0,0,0,0,0,28,1,0,"Dầu ma nơ tại bến Cảng Long Thuận (ĐN) 01 chuyến x 28 lít",28,,2025-10-24,2025-12-03,2025-12-04,,"Sắt cây + Sắt bó",,2025-12,"2025-12-04 00:00:00"
HTL-1,7,"Nhà máy xi măng Kiên Lương","Cảng Thường Tân (BD) （Lãnh vật tư）","Cảng Bảo Toàn","[{""point"":""Cảng Hoàng Sơn Lâm (VC-ĐT)"",""reason"":""Đổi lệnh"",""note"":""""},{""point"":""Cảng Bảo Toàn"",""reason"":"""",""note"":""""}]","Nhà máy xi măng Kiên Lương → Cảng Thường Tân (BD) （Lãnh vật tư） → Cảng Hoàng Sơn Lâm (VC-ĐT) (Đổi lệnh) → Cảng Bảo Toàn",345,0,0.0005253,2.18,1500,517500,1023.94,0,1,,0,,2025-12-04,2025-12-06,,dai,"Đá vôi",,2025-12,"2025-12-06 00:00:00"
HTL-1,7,,,,,,0,0,0,0,0,0,28,1,0,"Dầu ma nơ tại bến Cảng Hoàng Sơn Lâm (VC-ĐT) 01 chuyến x 28 lít",28,,2025-12-09,2025-12-03,2025-12-04,,Pouzolan,,2025-09,"2025-12-09 00:00:00"
HTL-1,7,"Cảng Thành Được (BD)","Nhà máy xi măng Kiên Lương","Nhà máy xi măng Kiên Lương",,"Cảng Thành Được (BD) → Nhà máy xi măng Kiên Lương",398,0,0.0005253,2.18,1500,597000,1181.24,0,0,,0,,2025-12-09,2025-12-03,2025-12-04,dai,Pouzolan,,2025-09,"2025-12-09 00:00:00"
"Test Sao Chép 1",1,"Cảng Cái Cui (CT)","Nhà máy xi măng Kiên Lương","Cảng Đăng Diệp (ĐN) (Đổi lệnh)","[{""point"":""Cảng Đăng Diệp (ĐN)"",""reason"":""Đổi lệnh"",""note"":""""}]","Cảng Cái Cui (CT) → Nhà máy xi măng Kiên Lương → Cảng Đăng Diệp (ĐN) (Đổi lệnh)",750,0,0.00058,2.095,1500,1125000,2223.75,0,1,,0,,2025-10-14,2025-12-19,,trung_binh,"Sắt phế",,2025-10,"2025-12-19 00:00:00"
"Test Sao Chép 1",2,"BMT - Cần Thơ (Thốt Nốt)","Nhà máy xi măng Kiên Lương","Nhà máy xi măng Kiên Lương",,"BMT - Cần Thơ (Thốt Nốt) → Nhà máy xi măng Kiên Lương",136,0,0.00058,2.095,1500,204000,403.24,0,0,,0,,2025-11-05,2025-12-10,,trung_binh,Pouzolan,,2025-11,"2025-12-10 00:00:00"
HTL-1,8,"BMT Cần Thơ (Cái Cui)","Cảng Quốc Hằng (ĐN)","Cảng Quốc Hằng (ĐN)",,"BMT Cần Thơ (Cái Cui) → Cảng Quốc Hằng (ĐN)",0,241,0.00058,2.095,0,0,504.9,0,0,,0,,2025-12-04,2025-11-22,2025-11-30,dai,"Không hàng",,2025-12,"2025-12-04 00:00:00"
HTL-1,8,,,,,,0,0,0,0,0,0,28,1,0,"Dầu ma nơ tại bến Cảng Nhất Nam (ĐN) 01 chuyến x 28 lít",28,,2025-12-04,2025-11-22,2025-11-30,,"Không hàng",,2025-12,"2025-12-04 00:00:00"
HTL-1,9,"Cảng Quốc Hằng (ĐN)","BMT Cần Thơ (Cái Cui) （Lãnh vật tư）","Cảng Bảo Mai (Đồng Tháp)","[{""point"":""Cảng Bảo Minh Thịnh (ĐN)"",""reason"":""Đổi lệnh"",""note"":""""},{""point"":""Cảng Bảo Mai (Đồng Tháp)"",""reason"":"""",""note"":""""}]","Cảng Quốc Hằng (ĐN) → BMT Cần Thơ (Cái Cui) （Lãnh vật tư） → Cảng Bảo Minh Thịnh (ĐN) (Đổi lệnh) → Cảng Bảo Mai (Đồng Tháp)",255,0,0.00058,2.095,1500,382500,756.08,0,1,,0,,2025-11-30,2025-12-01,,dai,"Xi măng",,2025-11,"2025-12-01 00:00:00"
HTL-1,9,,,,,,0,0,0,0,0,0,8,1,0,"gf8 x 8 lít",8,,2025-11-30,2025-12-01,,,"Xi măng",,2025-11,"2025-12-01 00:00:00"
"Test Sao Chép 1",3,"Cảng Rạch Giá (KG)","NM Nhiêt điên SH (HG)","Cảng Thành Tây Hạ (ĐN)","[{""point"":""Cảng Thành Tây Hạ (ĐN)"",""reason"":"""",""note"":""""}]","Cảng Rạch Giá (KG) → NM Nhiêt điên SH (HG) → Cảng Thành Tây Hạ (ĐN)",0,1000,0.0005253,2.18,0,0,2180,0,1,,0,,,,,dai,"Không hàng",,2025-10,"2025-10-15 08:45:00"
"Test Sao Chép 1",7,"Cảng Tổng Hợp Thị Vải （Lãnh vật tư）","Cảng Tân Thuận 1 （Đổi lệnh）","Cảng Long Thuận (ĐN)","[{""point"":""Cảng Bảo Thy (BD)"",""reason"":""Đổi lệnh"",""note"":""""},{""point"":""Cảng Long Thuận (ĐN)"",""reason"":"""",""note"":""""}]","Cảng Tổng Hợp Thị Vải （Lãnh vật tư） → Cảng Tân Thuận 1 （Đổi lệnh） → Cảng Bảo Thy (BD) (Đổi lệnh) → Cảng Long Thuận (ĐN)",355,0,0.0005253,2.18,1500,532500,1053.62,0,1,,0,,2025-11-01,2025-11-05,,dai,Pouzolan,,2025-11,"2025-11-05 00:00:00"
"Test Sao Chép 1",5,"Cảng Bến Nghé","TN Phú Hữu","Cảng Phú Mỹ","[{""point"":""Cảng Bảo Thy (BD)"",""reason"":"""",""note"":""""},{""point"":""Bình Minh (Vĩnh Long)"",""reason"":"""",""note"":""""},{""point"":""Cảng Hoàng Sơn Lâm (VC-ĐT)"",""reason"":""test"",""note"":""""},{""point"":""Cầu Long Thành"",""reason"":""Đổi lệnh"",""note"":""""},{""point"":""Cảng Phú Mỹ"",""reason"":"""",""note"":""""}]","Cảng Bến Nghé → TN Phú Hữu → Cảng Bảo Thy (BD) → Bình Minh (Vĩnh Long) → Cảng Hoàng Sơn Lâm (VC-ĐT) (test) → Cầu Long Thành (Đổi lệnh) → Cảng Phú Mỹ",0,1000,0.0005253,2.18,0,0,2180,0,1,,0,,2025-11-04,,,dai,"Không hàng",,2025-11,"2025-11-04 00:00:00"
"Test Sao Chép 1",5,,,,,,0,0,0,0,0,0,1000,1,0,"Dầu ma nơ tại bến BMT - Cần Thơ (Thốt Nốt) 01 chuyến x 1,000 lít",1000,,2025-11-04,,,,"Không hàng",,2025-11,"2025-11-04 00:00:00"
"Test Sao Chép 1",5,"Cảng Long Thuận (ĐN)","Fico Tây Ninh （Đổi lệnh）","Cảng Bến Nghé","[{""point"":""C.An Sơn"",""reason"":""Đổi lệnh"",""note"":""""},{""point"":""Cảng Bến Nghé"",""reason"":"""",""note"":""""}]","Cảng Long Thuận (ĐN) → Fico Tây Ninh （Đổi lệnh） → C.An Sơn (Đổi lệnh) → Cảng Bến Nghé",255,0,0.00058,2.095,1000,255000,682.13,0,1,,0,,,,,dai,"Sắt cây + Sắt bó",,2025-11,"2025-11-04 00:00:00"
"Test Sao Chép 1",5,,,,,,0,0,0,0,0,0,28,1,0,"Dầu bơm nước qua cầu Cái Sắn(CT) 01 chuyến x 28 lít",28,,2025-11-04,,,,"Sắt cây + Sắt bó",,2025-11,"2025-11-04 00:00:00"
"Test Sao Chép 1",6,"Cảng Thạnh Phước","Cảng Tổng Hợp Thị Vải （Lãnh vật tư）","Cảng Ngọc Bích (Long An)","[{""point"":""Cảng Thành Tây Hạ (ĐN)"",""reason"":""Đổi lệnh"",""note"":""""},{""point"":""Cảng Ngọc Bích (Long An)"",""reason"":"""",""note"":""""}]","Cảng Thạnh Phước → Cảng Tổng Hợp Thị Vải （Lãnh vật tư） → Cảng Thành Tây Hạ (ĐN) (Đổi lệnh) → Cảng Ngọc Bích (Long An)",1500,0,0.0005253,2.18,230,345000,3451.23,0,1,,0,,2025-11-04,2025-12-05,,dai,Pouzolan,,2025-11,"2025-12-05 00:00:00"
"Test Sao Chép 1",7,"Cảng Ngọc Bích (Long An)","Cảng An Ngãi (BRVT) （Lãnh vật tư）","Cảng Bảo Mai (Đồng Tháp)","[{""point"":""Cảng An Ngãi (BRVT)"",""reason"":""Đổi lệnh"",""note"":""""},{""point"":""Cảng Bảo Mai (Đồng Tháp)"",""reason"":"""",""note"":""""}]","Cảng Ngọc Bích (Long An) → Cảng Thiện Tân (BD) → Cảng An Ngãi (BRVT) (Đổi lệnh) → Cảng Bảo Mai (Đồng Tháp)",950,0,0.0005253,2.18,1500,1425000,2819.55,0,1,,0,,,,,dai,"Sắt cây + Sắt bó",,2025-12,"2025-12-04 00:00:00"
"Test Sao Chép 1",8,"Quảng Xuyên","BMT Cần Thơ (Cái Cui) （Đổi lệnh）","BMT Cần Thơ (Cái Cui) （Đổi lệnh）",,"Quảng Xuyên → BMT Cần Thơ (Cái Cui) （Đổi lệnh）",0,309,0.0005253,2.18,0,0,673.62,0,0,,0,,2025-10-16,2025-10-23,2025-10-25,dai,"Sắt cây+Sắt bó",,2025-11,"2025-12-04 00:00:00"
"Test Sao Chép 1",8,,,,,,0,0,0,0,0,0,24,1,0,"Dầu ma nơ tại bến BMT Cần Thơ (Cái Cui) 01 chuyến x 24 lít",24,,2025-12-04,,,,"Không hàng",,2025-12,"2025-12-04 00:00:00"
"Test Sao Chép 1",9,"BMT Cần Thơ (Cái Cui)","Cảng Thường Tân (BD)","Cảng Bến Lức (Long An) (Lãnh vật tư)","[{""point"":""Cảng Bảo Toàn"",""reason"":""Lãnh vật tư"",""note"":""""},{""point"":""Cảng Phú Quang"",""reason"":""Lãnh vật tư"",""note"":""""},{""point"":""Cảng Bến Lức (Long An)"",""reason"":""Lãnh vật tư"",""note"":""""}]","BMT Cần Thơ (Cái Cui) → Cảng Thường Tân (BD) → Cảng Bảo Toàn (Lãnh vật tư) → Cảng Phú Quang (Lãnh vật tư) → Cảng Bến Lức (Long An) (Lãnh vật tư)",0,100000,0.0005253,2.18,0,0,218000,0,1,,0,,2025-10-26,,,dai,"Không hàng",,2025-10,"2025-10-25 00:00:00"
"Test Sao Chép 1",9,,,,,,0,0,0,0,0,0,28,1,0,"Dầu ma nơ tại bến Cảng Bến Lức (Long An) 01 chuyến x 28 lít",33,,2025-10-25,,,,"Không hàng",,2025-10,"2025-10-25 00:00:00"
"Test Sao Chép 1",9,"Cảng Bến Lức (Long An)","Cảng Tổng Hợp Thị Vải","Cảng Rạch Giá (KG)","[{""point"":""Cảng Long Bình (ĐN)"",""reason"":""Đổi lệnh"",""note"":""""},{""point"":""Cảng Thành Tây Hạ (ĐN)"",""reason"":"""",""note"":""""},{""point"":""Cảng Long Thuận (ĐN)"",""reason"":"""",""note"":""""},{""point"":""Cảng Rạch Giá (KG)"",""reason"":"""",""note"":""""}]","Cảng Bến Lức (Long An) → Cảng Tổng Hợp Thị Vải → Cảng Long Bình (ĐN) (Đổi lệnh) → Cảng Thành Tây Hạ (ĐN) → Cảng Long Thuận (ĐN) → Cảng Rạch Giá (KG)",0,10000,0.0005253,2.18,0,0,21800,0,1,,0,,2025-10-25,,,dai,"Không hàng",,2025-10,"2025-10-25 00:00:00"
"Test Sao Chép 1",9,,,,,,0,0,0,0,0,0,24,1,0,"Dầu ma nơ tại bến BMT - Cần Thơ (Thốt Nốt) 01 chuyến x 24 lít",24,,2025-10-25,,,,"Không hàng",,2025-10,"2025-10-25 00:00:00"
"Test Sao Chép 1",3,"Cảng Long Tân (ĐN)","Cảng Tổng Hợp Thị Vải","Cảng Nhất Nam (ĐN) (Lãnh vật tư)","[{""point"":""Cảng AHT (Bình Dương)"",""reason"":""Lãnh vật tư"",""note"":""""},{""point"":""Cảng Nhất Nam (ĐN)"",""reason"":""Lãnh vật tư"",""note"":""""}]","Cảng Long Tân (ĐN) → Cảng Bảo Minh Thịnh (ĐN) → Cảng AHT (Bình Dương) (Lãnh vật tư) → Cảng Nhất Nam (ĐN) (Lãnh vật tư)",0,750,0.00062,2.256,0,0,1692,0,1,,0,,,2025-11-14,,ngan,"Không hàng",,2025-12,"2025-11-14 00:00:00"
"Test Sao Chép 1",10,"Cảng Thành Tây Hạ (ĐN)","Vĩnh Xương (AG) （Lãnh vật tư）","BMT Cần Thơ (Cái Cui)","[{""point"":""Cảng AHT (Bình Dương)"",""reason"":""Đổi lệnh"",""note"":""""},{""point"":""Cảng Bảo Thy (BD)"",""reason"":"""",""note"":""""},{""point"":""BMT - Cần Thơ (Thốt Nốt)"",""reason"":""Đổi lệnh"",""note"":""""},{""point"":""BMT Cần Thơ (Cái Cui)"",""reason"":""Lãnh vật tư"",""note"":""""}]","Cảng Thành Tây Hạ (ĐN) → Vĩnh Xương (AG) （Lãnh vật tư） (Đổi lệnh) → Cảng AHT (Bình Dương) → Cảng Bảo Thy (BD) (Đổi lệnh) → BMT - Cần Thơ (Thốt Nốt) (Lãnh vật tư) → BMT Cần Thơ (Cái Cui)",0,1000,0.0005253,2.18,0,0,2180,0,1,,0,,2025-10-26,2025-12-04,2025-12-05,dai,"Không hàng",,2025-12,"2025-12-05 00:00:00"
"Test Sao Chép 1",10,,,,,,0,0,0,0,0,0,78,1,0,"Dầu ma nơ tại bến Cảng Thiện Tân (BD) 01 chuyến x 78 lít",78,,2025-12-05,,,,"Không hàng",,2025-12,"2025-12-05 00:00:00"
HTL-1,3,"Cảng Bến Nghé","TN Phú Hữu （Lãnh vật tư）","Nhà máy xi măng Kiên Lương","[{""point"":""Cảng Long Thuận (ĐN)"",""reason"":""Đổi lệnh"",""note"":""""},{""point"":""Nhà máy xi măng Kiên Lương"",""reason"":"""",""note"":""""}]","Cảng Bến Nghé → TN Phú Hữu （Lãnh vật tư） → Cảng Long Thuận (ĐN) (Đổi lệnh) → Nhà máy xi măng Kiên Lương",0,374,0.0005253,2.18,0,0,815.32,0,1,,0,,2025-10-24,2025-10-28,,dai,"Không hàng",,2025-10,"2025-10-28 00:00:00"
HTV-1411,7,"Nhà máy xi măng Kiên Lương","TN Long An （Đổi lệnh）","TN Phú Hữu","[{""point"":""TN Phú Hữu"",""reason"":"""",""note"":""""}]","Nhà máy xi măng Kiên Lương → TN Long An （Đổi lệnh） → TN Phú Hữu",402,0,0.0005253,2.18,1337,537474,1158.7,0,1,,0,,2025-12-01,2025-12-03,,dai,Clinker,,2025-12,"2025-12-03 00:00:00"
HTL-2,8,"Nhà máy xi măng Kiên Lương","TN Phú Hữu","TN Phú Hữu",,"Nhà máy xi măng Kiên Lương → TN Phú Hữu",342,0,0.0005253,2.18,1158.78,396302.76,953.74,0,0,,0,,2025-11-06,2025-11-09,2025-11-10,dai,Clinker,,2025-11,"2025-11-10 00:00:00"
HTL-2,8,"TN Phú Hữu","Cảng Long Thuận (ĐN)","Cảng Long Thuận (ĐN)",,"TN Phú Hữu → Cảng Long Thuận (ĐN)",0,22,0.00089,3.14,0,0,69.08,0,0,,0,,2025-11-10,2025-11-10,,ngan,"Không hàng",,2025-11,"2025-11-10 00:00:00"
HTL-2,9,"Cảng Long Thuận (ĐN)","Nhà máy xi măng Kiên Lương","Nhà máy xi măng Kiên Lương",,"Cảng Long Thuận (ĐN) → Nhà máy xi măng Kiên Lương",334,0,0.0005253,2.18,1130.21,377490.14,926.42,0,0,,0,,2025-11-10,2025-11-14,2025-11-15,dai,"Than đá",,2025-11,"2025-11-15 00:00:00"
HTL-2,9,,,,,,0,0,0,0,0,0,28,1,0,"Dầu ma nơ tại bến Cảng Long Thuận (ĐN) 01 chuyến x 28 lít",28,,2025-11-15,,,,"Than đá",,2025-11,"2025-11-15 00:00:00"
HTL-2,10,"Nhà máy xi măng Kiên Lương","XM Hạ Long (HP)","XM Hạ Long (HP)",,"Nhà máy xi măng Kiên Lương → XM Hạ Long (HP)",322,0,0.0005253,2.18,1162.77,374411.94,898.64,0,0,,0,,2025-11-17,2025-11-20,2025-11-23,dai,Clinker,,2025-11,"2025-11-23 00:00:00"
HTL-2,10,"XM Hạ Long (HP)","Cảng Long Thuận (ĐN)","Cảng Long Thuận (ĐN)",,"XM Hạ Long (HP) → Cảng Long Thuận (ĐN)",0,12,0.00105,3.82,0,0,45.84,0,0,,0,,2025-11-23,2025-11-23,,ngan,"Không hàng",,2025-11,"2025-11-23 00:00:00"
HTL-2,11,"Cảng Long Thuận (ĐN)","Nhà máy xi măng Kiên Lương","Nhà máy xi măng Kiên Lương",,"Cảng Long Thuận (ĐN) → Nhà máy xi măng Kiên Lương",334,0,0.0005253,2.18,1112.52,371581.68,923.31,0,0,,0,,2025-11-23,2025-11-27,2025-11-29,dai,"Than đá",,2025-11,"2025-11-29 00:00:00"
HTL-2,11,,,,,,0,0,0,0,0,0,28,1,0,"Dầu ma nơ tại bến Cảng Long Thuận (ĐN) 01 chuyến x 28 lít",28,,2025-11-29,,,,"Than đá",,2025-11,"2025-11-29 00:00:00"
AG-26243,5,"Fico Tây Ninh","Fico Hiệp Phước","Fico Hiệp Phước",,"Fico Tây Ninh → Fico Hiệp Phước",185,0,0.00053,2.69,1725.2,319162,666.81,0,0,,0,,2025-10-30,2025-10-31,2025-11-03,trung_binh,Clinker,,2025-11,"2025-11-03 00:00:00"
AG-26243,5,"Fico Hiệp Phước","Cảng Long Thuận (ĐN)","Cảng Long Thuận (ĐN)",,"Fico Hiệp Phước → Cảng Long Thuận (ĐN)",0,12,0.00083,4.26,0,0,51.12,0,0,,0,,,,,ngan,"Không hàng",,2025-11,"2025-11-15 15:43:01"
AG-26243,6,"Cảng Long Thuận (ĐN)","Nhà máy xi măng Kiên Lương","Nhà máy xi măng Kiên Lương",,"Cảng Long Thuận (ĐN) → Nhà máy xi măng Kiên Lương",334,0,0.000485,3.084,1448.61,483835.74,1264.72,0,0,,0,,2025-11-03,2025-11-11,2025-11-13,dai,"Than đá",,2025-11,"2025-11-13 00:00:00"
AG-26243,6,,,,,,0,0,0,0,0,0,36,1,0,"Dầu ma nơ tại bến Cảng Long Thuận (ĐN) 01 chuyến x 36 lít",36,,2025-11-03,2025-11-11,2025-11-13,,"Than đá",,2025-11,"2025-11-13 00:00:00"
AG-26243,7,"Nhà máy xi măng Kiên Lương","TN Phú Hữu","TN Phú Hữu",,"Nhà máy xi măng Kiên Lương → TN Phú Hữu",342,0,0.000485,3.084,1433.99,490424.58,1292.58,0,0,,0,,2025-11-14,2025-11-19,2025-11-20,dai,Clinker,,2025-11,"2025-11-20 00:00:00"
AG-26243,7,"TN Phú Hữu","Cảng Long Thuận (ĐN)","Cảng Long Thuận (ĐN)",,"TN Phú Hữu → Cảng Long Thuận (ĐN)",0,22,0.00069,3.601,0,0,79.22,0,0,,0,,,,,ngan,"Không hàng",,2025-11,"2025-11-15 15:46:59"
AG-26243,8,"Cảng Long Thuận (ĐN)","Nhà máy xi măng Kiên Lương","Nhà máy xi măng Kiên Lương",,"Cảng Long Thuận (ĐN) → Nhà máy xi măng Kiên Lương",334,0,0.000485,3.084,1455.17,486026.78,1265.78,0,0,,0,,2025-11-20,2025-11-24,2025-11-25,dai,"Than đá",,2025-11,"2025-11-25 00:00:00"
AG-26243,8,,,,,,0,0,0,0,0,0,36,1,0,"Dầu ma nơ tại bến Cảng Long Thuận (ĐN) 01 chuyến x 36 lít",36,,2025-11-20,2025-11-24,2025-11-25,,"Than đá",,2025-11,"2025-11-25 00:00:00"
HTL-2,7,"TN Phú Hữu","Nhà máy xi măng Kiên Lương","Nhà máy xi măng Kiên Lương",,"TN Phú Hữu → Nhà máy xi măng Kiên Lương",0,342,0.0005253,2.18,0,0,745.56,0,0,,0,,2025-11-01,2025-11-03,,dai,"Không hàng",,2025-11,"2025-11-03 00:00:00"
HTL-2,12,"Cảng Long Bình (ĐN)","TN Long An （Lãnh vật tư）","Cảng Cái Cui (CT)","[{""point"":""Cầu Long Thành"",""reason"":""Đổi lệnh"",""note"":""""},{""point"":""Cảng Cái Cui (CT)"",""reason"":"""",""note"":""""}]","Cảng Long Bình (ĐN) → TN Long An （Lãnh vật tư） → Cầu Long Thành (Đổi lệnh) → Cảng Cái Cui (CT)",0,750,0.0005253,2.18,0,0,1635,0,1,,0,,2025-11-29,2025-11-12,,dai,"Không hàng",,2025-11,"2025-11-29 00:00:00"
HTL-2,12,,,,,,0,0,0,0,0,0,28,1,0,"Dầu ma nơ tại bến BMT Cần Thơ (Cái Cui) 01 chuyến x 28 lít",28,,2025-11-29,2025-11-12,,,"Không hàng",,2025-11,"2025-11-29 00:00:00"
"Test Sao Chép 1",11,"Cảng Sông Buôn (ĐN)","BMT Long An （Lãnh vật tư）","Cảng Hiệp Phước","[{""point"":""Cảng Bến Lức (Long An)"",""reason"":""Đổi lệnh"",""note"":""""},{""point"":""Cảng Hiệp Phước"",""reason"":"""",""note"":""""}]","Cảng Sông Buôn (ĐN) → BMT Long An （Lãnh vật tư） → Cảng Bến Lức (Long An) (Đổi lệnh) → Cảng Hiệp Phước",750,0,0.0005253,2.18,1500,1125000,2225.96,0,1,,0,,2025-12-05,2025-11-12,2025-11-13,dai,Pouzolan,,2025-11,"2025-12-05 00:00:00"
"Test Sao Chép 1",11,"BMT Long An","Cảng Sông Buôn (ĐN)","Cảng Sông Buôn (ĐN)",,"BMT Long An → Cảng Sông Buôn (ĐN)",0,168,0.00058,2.095,0,0,351.96,0,0,,0,,2025-11-07,2025-11-09,,trung_binh,"Không hàng",,2025-11,"2025-11-09 00:00:00"
"Test Sao Chép 1",11,,,,,,0,0,0,0,0,0,28,1,0,"Dầu ma nơ tại bến BMT Cần Thơ (Cái Cui) 01 chuyến x 28 lít",28,,2025-12-05,2025-11-12,2025-11-13,,Pouzolan,,2025-11,"2025-12-05 00:00:00"
"Test Sao Chép 1",4,"BMT Cần Thơ (Cái Cui)","Cảng Thường Tân (BD)","Cảng Thường Tân (BD)",,"BMT Cần Thơ (Cái Cui) → Cảng Thường Tân (BD)",0,282,0.00058,2.095,0,0,590.79,0,0,,0,,,,,dai,"Không hàng",,2025-11,"2025-11-15 20:50:54"
HTL-2,3,"BMT - Cần Thơ (Thốt Nốt)","Cảng An Ngãi (BRVT)","Cảng An Ngãi (BRVT)",,"BMT - Cần Thơ (Thốt Nốt) → Cảng An Ngãi (BRVT)",0,309,0.0005253,2.18,0,0,673.62,0,0,,0,,,,,dai,"Không hàng",,2025-12,"2025-12-15 15:09:53"
